1,	3076,	379,	274,	1,	5
2,	3330,	358,	274,	2,	5
3,	3627,	339,	274,	3,	5
4,	3627,	323,	274,	4,	5
5,	349,	311,	274,	5,	5
6,	447,	304,	274,	6,	5
7,	567,	302,	274,	7,	5
8,	615,	301,	274,	8,	5
9,	278,	297,	274,	9,	5
10,	302,	292,	274,	10,	5
11,	346,	286,	274,	11,	5
12,	428,	278,	274,	12,	5
13,	481,	3882,	274,	13,	5
14,	565,	3819,	274,	14,	5
15,	605,	3777,	274,	15,	5
16,	663,	3708,	274,	16,	5
17,	778,	3647,	274,	17,	5
18,	862,	3632,	274,	18,	5
19,	906,	3631,	274,	19,	5
20,	942,	3622,	274,	20,	5
21,	1042,	3607,	274,	21,	5
22,	1143,	3595,	274,	22,	5
23,	1208,	3583,	274,	23,	5
24,	1247,	3567,	274,	24,	5
25,	1350,	3550,	274,	25,	5
26,	1435,	3531,	274,	26,	5
27,	1502,	3511,	274,	27,	5
28,	1527,	3489,	274,	28,	5
29,	1603,	3467,	274,	29,	5
30,	1682,	3444,	274,	30,	5
31,	1733,	3421,	274,	31,	5
32,	1774,	3399,	274,	32,	5
33,	1799,	3379,	274,	33,	5
34,	1811,	3362,	274,	34,	5
35,	1816,	3348,	274,	35,	5
36,	1816,	3338,	274,	36,	5
37,	1817,	3332,	274,	37,	5
38,	1817,	3330,	274,	38,	5
39,	1816,	3330,	274,	39,	5
40,	1816,	3329,	274,	40,	5
41,	1815,	3328,	274,	41,	5
42,	1811,	3326,	274,	42,	5
43,	1802,	3322,	274,	43,	5
44,	1785,	3318,	274,	44,	5
45,	1760,	3313,	274,	45,	5
46,	1726,	3307,	274,	46,	5
47,	1690,	3301,	274,	47,	5
48,	1649,	3295,	274,	48,	5
49,	1590,	3287,	274,	49,	5
50,	1541,	3280,	274,	50,	5
51,	1513,	3276,	274,	51,	5
52,	1503,	3273,	274,	52,	5
53,	1474,	3268,	274,	53,	5
54,	1425,	3264,	274,	54,	5
55,	1373,	3258,	274,	55,	5
56,	1339,	3253,	274,	56,	5
57,	1288,	3247,	274,	57,	5
58,	1242,	3240,	274,	58,	5
59,	1216,	3234,	274,	59,	5
60,	1210,	3226,	274,	60,	5
61,	1196,	3219,	274,	61,	5
62,	1172,	3211,	274,	62,	5
63,	1151,	3202,	274,	63,	5
64,	1130,	3194,	274,	64,	5
65,	1100,	3185,	274,	65,	5
66,	1068,	3176,	274,	66,	5
67,	1052,	3167,	274,	67,	5
68,	1045,	3158,	274,	68,	5
69,	1035,	3150,	274,	69,	5
70,	1024,	3141,	274,	70,	5
71,	1014,	3133,	274,	71,	5
72,	1005,	3125,	274,	72,	5
73,	996,	3118,	274,	73,	5
74,	990,	3111,	274,	74,	5
75,	985,	3105,	274,	75,	5
76,	981,	3100,	274,	76,	5
77,	979,	3095,	274,	77,	5
78,	978,	3092,	274,	78,	5
79,	978,	3089,	274,	79,	5
80,	979,	3087,	274,	80,	5
81,	982,	3086,	274,	81,	5
82,	985,	3085,	274,	82,	5
83,	989,	3086,	274,	83,	5
84,	993,	3087,	274,	84,	5
85,	998,	3090,	274,	85,	5
86,	1002,	3094,	274,	86,	5
87,	1007,	3099,	274,	87,	5
88,	1012,	3105,	274,	88,	5
89,	1017,	3112,	274,	89,	5
90,	1021,	3121,	274,	90,	5
91,	1025,	3132,	274,	91,	5
92,	1029,	3144,	274,	92,	5
93,	1032,	3157,	274,	93,	5
94,	1034,	3171,	274,	94,	5
95,	1036,	3185,	274,	95,	5
96,	1038,	3199,	274,	96,	5
97,	1040,	3214,	274,	97,	5
98,	1041,	3228,	274,	98,	5
99,	1041,	3242,	274,	99,	5
100,	1042,	3254,	274,	100,	5
101,	1042,	3265,	274,	101,	5
102,	1042,	3274,	274,	102,	5
103,	1041,	3283,	274,	103,	5
104,	1040,	3298,	274,	104,	5
105,	1039,	3310,	274,	105,	5
106,	1037,	3320,	274,	106,	5
107,	1034,	3327,	274,	107,	5
108,	1031,	3330,	274,	108,	5
109,	1027,	3330,	274,	109,	5
110,	1023,	3337,	274,	110,	5
111,	1017,	3355,	274,	111,	5
112,	1011,	3382,	274,	112,	5
113,	1003,	3414,	274,	113,	5
114,	994,	3447,	274,	114,	5
115,	984,	3478,	274,	115,	5
116,	973,	3507,	274,	116,	5
117,	961,	3532,	274,	117,	5
118,	949,	3554,	274,	118,	5
119,	938,	3572,	274,	119,	5
120,	928,	3586,	274,	120,	5
121,	919,	3597,	274,	121,	5
122,	912,	3608,	274,	122,	5
123,	908,	3621,	274,	123,	5
124,	908,	3629,	274,	124,	5
125,	907,	3632,	274,	125,	5
126,	905,	3632,	274,	126,	5
127,	901,	3647,	274,	127,	5
128,	895,	3692,	274,	128,	5
129,	888,	3752,	274,	129,	5
130,	879,	3801,	274,	130,	5
131,	869,	3842,	274,	131,	5
132,	858,	3897,	274,	132,	5
133,	847,	3932,	274,	133,	5
134,	834,	3935,	274,	134,	5
135,	820,	283,	274,	135,	5
136,	806,	292,	274,	136,	5
137,	794,	298,	274,	137,	5
138,	787,	302,	274,	138,	5
139,	779,	304,	274,	139,	5
140,	771,	318,	274,	140,	5
141,	763,	344,	274,	141,	5
142,	756,	379,	274,	142,	5
143,	751,	414,	274,	143,	5
144,	747,	438,	274,	144,	5
145,	745,	449,	274,	145,	5
146,	746,	509,	274,	146,	5
147,	749,	536,	274,	147,	5
148,	754,	584,	274,	148,	5
149,	762,	604,	274,	149,	5
150,	771,	627,	274,	150,	5
151,	781,	688,	274,	151,	5
152,	790,	774,	274,	152,	5
153,	804,	840,	274,	153,	5
154,	824,	891,	274,	154,	5
155,	844,	908,	274,	155,	5
156,	861,	964,	274,	156,	5
157,	878,	1048,	274,	157,	5
158,	892,	1147,	274,	158,	5
159,	902,	1208,	274,	159,	5
160,	908,	1251,	274,	160,	5
161,	910,	1358,	274,	161,	5
162,	928,	1456,	274,	162,	5
163,	964,	1512,	274,	163,	5
164,	1009,	1577,	274,	164,	5
165,	1043,	1690,	274,	165,	5
166,	1072,	1774,	274,	166,	5
167,	1132,	1815,	274,	167,	5
168,	1165,	1856,	274,	168,	5
169,	1198,	1936,	274,	169,	5
170,	1210,	2038,	274,	170,	5
171,	1231,	2106,	274,	171,	5
172,	1280,	2127,	274,	172,	5
173,	1339,	2180,	274,	173,	5
174,	1376,	2248,	274,	174,	5
175,	1438,	2299,	274,	175,	5
176,	1486,	2323,	274,	176,	5
177,	1510,	2343,	274,	177,	5
178,	1526,	2350,	274,	178,	5
179,	1577,	2344,	274,	179,	5
180,	1648,	2323,	274,	180,	5
181,	1696,	2298,	274,	181,	5
182,	1749,	2238,	274,	182,	5
183,	1789,	2161,	274,	183,	5
184,	1812,	2118,	274,	184,	5
185,	1818,	2068,	274,	185,	5
186,	1856,	1950,	274,	186,	5
187,	1905,	1853,	274,	187,	5
188,	1955,	1810,	274,	188,	5
189,	2021,	1736,	274,	189,	5
190,	2075,	1615,	274,	190,	5
191,	2109,	1513,	274,	191,	5
192,	2119,	1430,	274,	192,	5
193,	2144,	1304,	274,	193,	5
194,	2185,	1210,	274,	194,	5
195,	2234,	1132,	274,	195,	5
196,	2280,	1007,	274,	196,	5
197,	2312,	908,	274,	197,	5
198,	2335,	868,	274,	198,	5
199,	2359,	765,	274,	199,	5
200,	2376,	633,	274,	200,	5
201,	2388,	590,	274,	201,	5
202,	2396,	511,	274,	202,	5
203,	2400,	429,	274,	203,	5
204,	2403,	331,	274,	204,	5
205,	2402,	297,	274,	205,	5
206,	2400,	3860,	274,	206,	5
207,	2394,	3616,	274,	207,	5
208,	2384,	3445,	274,	208,	5
209,	2369,	3324,	274,	209,	5
210,	2346,	3244,	274,	210,	5
211,	2317,	3113,	274,	211,	5
212,	2282,	3027,	274,	212,	5
213,	2225,	2997,	274,	213,	5
214,	2166,	2924,	274,	214,	5
215,	2125,	2878,	274,	215,	5
216,	2110,	2822,	274,	216,	5
217,	2066,	2780,	274,	217,	5
218,	1994,	2757,	274,	218,	5
219,	1918,	2746,	274,	219,	5
220,	1857,	2742,	274,	220,	5
221,	1816,	2742,	274,	221,	5
222,	1803,	2747,	274,	222,	5
223,	1759,	2757,	274,	223,	5
224,	1694,	2775,	274,	224,	5
225,	1624,	2805,	274,	225,	5
226,	1543,	2846,	274,	226,	5
227,	1512,	2886,	274,	227,	5
228,	1481,	2916,	274,	228,	5
229,	1411,	2966,	274,	229,	5
230,	1356,	3007,	274,	230,	5
231,	1287,	3026,	274,	231,	5
232,	1228,	3040,	274,	232,	5
233,	1210,	3095,	274,	233,	5
234,	1182,	3166,	274,	234,	5
235,	1144,	3227,	274,	235,	5
236,	1083,	3268,	274,	236,	5
237,	1044,	3301,	274,	237,	5
238,	1007,	3327,	274,	238,	5
239,	961,	3331,	274,	239,	5
240,	927,	3373,	274,	240,	5
241,	910,	3438,	274,	241,	5
242,	908,	3494,	274,	242,	5
243,	906,	3536,	274,	243,	5
244,	901,	3565,	274,	244,	5
245,	895,	3585,	274,	245,	5
246,	889,	3597,	274,	246,	5
247,	884,	3609,	274,	247,	5
248,	880,	3619,	274,	248,	5
249,	878,	3625,	274,	249,	5
250,	877,	3629,	274,	250,	5
251,	877,	3631,	274,	251,	5
252,	879,	3632,	274,	252,	5
253,	882,	3632,	274,	253,	5
254,	886,	3632,	274,	254,	5
255,	890,	3632,	274,	255,	5
256,	894,	3632,	274,	256,	5
257,	899,	3632,	274,	257,	5
258,	903,	3632,	274,	258,	5
259,	906,	3639,	274,	259,	5
260,	907,	3653,	274,	260,	5
261,	908,	3677,	274,	261,	5
262,	909,	3712,	274,	262,	5
263,	916,	3756,	274,	263,	5
264,	926,	3796,	274,	264,	5
265,	941,	3830,	274,	265,	5
266,	959,	3886,	274,	266,	5
267,	979,	3929,	274,	267,	5
268,	999,	3935,	274,	268,	5
269,	1016,	284,	274,	269,	5
270,	1030,	293,	274,	270,	5
271,	1041,	300,	274,	271,	5
272,	1048,	302,	274,	272,	5
273,	1053,	314,	274,	273,	5
274,	1062,	343,	274,	274,	5
275,	1076,	383,	274,	275,	5
276,	1091,	420,	274,	276,	5
277,	1103,	442,	274,	277,	5
278,	1113,	465,	274,	278,	5
279,	1121,	492,	274,	279,	5
280,	1127,	553,	274,	280,	5
281,	1132,	588,	274,	281,	5
282,	1136,	604,	274,	282,	5
283,	1139,	623,	274,	283,	5
284,	1140,	665,	274,	284,	5
285,	1142,	731,	274,	285,	5
286,	1142,	786,	274,	286,	5
287,	1143,	835,	274,	287,	5
288,	1142,	874,	274,	288,	5
289,	1142,	899,	274,	289,	5
290,	1141,	908,	274,	290,	5
291,	1139,	923,	274,	291,	5
292,	1137,	972,	274,	292,	5
293,	1135,	1026,	274,	293,	5
294,	1132,	1054,	274,	294,	5
295,	1128,	1115,	274,	295,	5
296,	1124,	1154,	274,	296,	5
297,	1119,	1184,	274,	297,	5
298,	1114,	1207,	274,	298,	5
299,	1109,	1212,	274,	299,	5
300,	1103,	1224,	274,	300,	5
301,	1096,	1245,	274,	301,	5
302,	1089,	1269,	274,	302,	5
303,	1082,	1292,	274,	303,	5
304,	1075,	1311,	274,	304,	5
305,	1067,	1325,	274,	305,	5
306,	1060,	1334,	274,	306,	5
307,	1054,	1339,	274,	307,	5
308,	1052,	1340,	274,	308,	5
309,	1049,	1338,	274,	309,	5
310,	1045,	1332,	274,	310,	5
311,	1039,	1323,	274,	311,	5
312,	1031,	1310,	274,	312,	5
313,	1020,	1294,	274,	313,	5
314,	1007,	1274,	274,	314,	5
315,	992,	1255,	274,	315,	5
316,	973,	1236,	274,	316,	5
317,	954,	1221,	274,	317,	5
318,	936,	1212,	274,	318,	5
319,	920,	1210,	274,	319,	5
320,	910,	1201,	274,	320,	5
321,	908,	1181,	274,	321,	5
322,	906,	1159,	274,	322,	5
323,	899,	1139,	274,	323,	5
324,	887,	1103,	274,	324,	5
325,	868,	1058,	274,	325,	5
326,	842,	1042,	274,	326,	5
327,	805,	1016,	274,	327,	5
328,	775,	981,	274,	328,	5
329,	727,	945,	274,	329,	5
330,	672,	920,	274,	330,	5
331,	630,	908,	274,	331,	5
332,	605,	907,	274,	332,	5
333,	594,	901,	274,	333,	5
334,	563,	889,	274,	334,	5
335,	492,	873,	274,	335,	5
336,	457,	852,	274,	336,	5
337,	434,	827,	274,	337,	5
338,	390,	797,	274,	338,	5
339,	331,	777,	274,	339,	5
340,	302,	748,	274,	340,	5
341,	293,	713,	274,	341,	5
342,	3935,	679,	274,	342,	5
343,	3762,	651,	274,	343,	5
344,	3627,	630,	274,	344,	5
345,	3558,	615,	274,	345,	5
346,	3430,	605,	274,	346,	5
347,	3330,	602,	274,	347,	5
348,	3311,	594,	274,	348,	5
349,	3264,	582,	274,	349,	5
350,	3209,	567,	274,	350,	5
351,	3139,	541,	274,	351,	5
352,	3075,	504,	274,	352,	5
353,	3037,	502,	274,	353,	5
354,	3027,	483,	274,	354,	5
355,	3025,	458,	274,	355,	5
356,	3022,	446,	274,	356,	5
357,	3021,	441,	274,	357,	5
358,	3024,	431,	274,	358,	5
359,	3027,	417,	274,	359,	5
360,	3034,	400,	274,	360,	5
361,	3027,	1468,	274,	1,	10
362,	3027,	1484,	274,	2,	10
363,	3036,	1497,	274,	3,	10
364,	3051,	1507,	274,	4,	10
365,	3073,	1512,	274,	5,	10
366,	3099,	1517,	274,	6,	10
367,	3129,	1531,	274,	7,	10
368,	3160,	1553,	274,	8,	10
369,	3188,	1584,	274,	9,	10
370,	3215,	1620,	274,	10,	10
371,	3238,	1656,	274,	11,	10
372,	3257,	1684,	274,	12,	10
373,	3272,	1705,	274,	13,	10
374,	3285,	1736,	274,	14,	10
375,	3304,	1762,	274,	15,	10
376,	3318,	1783,	274,	16,	10
377,	3327,	1800,	274,	17,	10
378,	3330,	1811,	274,	18,	10
379,	3330,	1816,	274,	19,	10
380,	3343,	1818,	274,	20,	10
381,	3366,	1836,	274,	21,	10
382,	3395,	1863,	274,	22,	10
383,	3425,	1889,	274,	23,	10
384,	3454,	1913,	274,	24,	10
385,	3479,	1939,	274,	25,	10
386,	3499,	1968,	274,	26,	10
387,	3517,	2004,	274,	27,	10
388,	3530,	2033,	274,	28,	10
389,	3541,	2058,	274,	29,	10
390,	3549,	2078,	274,	30,	10
391,	3554,	2094,	274,	31,	10
392,	3556,	2106,	274,	32,	10
393,	3556,	2113,	274,	33,	10
394,	3554,	2117,	274,	34,	10
395,	3550,	2119,	274,	35,	10
396,	3544,	2119,	274,	36,	10
397,	3535,	2125,	274,	37,	10
398,	3523,	2129,	274,	38,	10
399,	3509,	2133,	274,	39,	10
400,	3492,	2136,	274,	40,	10
401,	3471,	2138,	274,	41,	10
402,	3448,	2139,	274,	42,	10
403,	3421,	2139,	274,	43,	10
404,	3394,	2137,	274,	44,	10
405,	3368,	2134,	274,	45,	10
406,	3346,	2131,	274,	46,	10
407,	3332,	2126,	274,	47,	10
408,	3330,	2122,	274,	48,	10
409,	3329,	2119,	274,	49,	10
410,	3324,	2118,	274,	50,	10
411,	3315,	2115,	274,	51,	10
412,	3302,	2109,	274,	52,	10
413,	3285,	2099,	274,	53,	10
414,	3274,	2085,	274,	54,	10
415,	3262,	2066,	274,	55,	10
416,	3248,	2043,	274,	56,	10
417,	3231,	2015,	274,	57,	10
418,	3212,	1970,	274,	58,	10
419,	3191,	1948,	274,	59,	10
420,	3169,	1921,	274,	60,	10
421,	3147,	1895,	274,	61,	10
422,	3124,	1867,	274,	62,	10
423,	3103,	1837,	274,	63,	10
424,	3084,	1818,	274,	64,	10
425,	3067,	1815,	274,	65,	10
426,	3053,	1808,	274,	66,	10
427,	3042,	1791,	274,	67,	10
428,	3034,	1767,	274,	68,	10
429,	3029,	1735,	274,	69,	10
430,	3027,	1697,	274,	70,	10
431,	3027,	1669,	274,	71,	10
432,	3026,	1623,	274,	72,	10
433,	3024,	1574,	274,	73,	10
434,	3021,	1536,	274,	74,	10
435,	3017,	1513,	274,	75,	10
436,	3012,	1508,	274,	76,	10
437,	3006,	1490,	274,	77,	10
438,	3000,	1461,	274,	78,	10
439,	2993,	1418,	274,	79,	10
440,	2985,	1376,	274,	80,	10
441,	2977,	1353,	274,	81,	10
442,	2968,	1315,	274,	82,	10
443,	2959,	1273,	274,	83,	10
444,	2949,	1239,	274,	84,	10
445,	2938,	1217,	274,	85,	10
446,	2928,	1210,	274,	86,	10
447,	2918,	1202,	274,	87,	10
448,	2909,	1182,	274,	88,	10
449,	2903,	1160,	274,	89,	10
450,	2897,	1141,	274,	90,	10
451,	2890,	1111,	274,	91,	10
452,	2880,	1072,	274,	92,	10
453,	2868,	1051,	274,	93,	10
454,	2855,	1039,	274,	94,	10
455,	2841,	1020,	274,	95,	10
456,	2825,	998,	274,	96,	10
457,	2810,	975,	274,	97,	10
458,	2794,	953,	274,	98,	10
459,	2780,	935,	274,	99,	10
460,	2768,	922,	274,	100,	10
461,	2757,	914,	274,	101,	10
462,	2748,	909,	274,	102,	10
463,	2740,	908,	274,	103,	10
464,	2734,	908,	274,	104,	10
465,	2729,	906,	274,	105,	10
466,	2724,	904,	274,	106,	10
467,	2724,	901,	274,	107,	10
468,	2722,	898,	274,	108,	10
469,	2718,	894,	274,	109,	10
470,	2712,	890,	274,	110,	10
471,	2703,	885,	274,	111,	10
472,	2693,	881,	274,	112,	10
473,	2682,	876,	274,	113,	10
474,	2668,	871,	274,	114,	10
475,	2652,	866,	274,	115,	10
476,	2635,	862,	274,	116,	10
477,	2613,	857,	274,	117,	10
478,	2588,	853,	274,	118,	10
479,	2569,	849,	274,	119,	10
480,	2553,	845,	274,	120,	10
481,	2539,	841,	274,	121,	10
482,	2527,	837,	274,	122,	10
483,	2515,	833,	274,	123,	10
484,	2505,	829,	274,	124,	10
485,	2494,	825,	274,	125,	10
486,	2484,	821,	274,	126,	10
487,	2473,	818,	274,	127,	10
488,	2462,	815,	274,	128,	10
489,	2452,	812,	274,	129,	10
490,	2443,	810,	274,	130,	10
491,	2435,	808,	274,	131,	10
492,	2429,	806,	274,	132,	10
493,	2425,	805,	274,	133,	10
494,	2422,	804,	274,	134,	10
495,	2422,	804,	274,	135,	10
496,	2421,	804,	274,	136,	10
497,	2421,	805,	274,	137,	10
498,	2421,	806,	274,	138,	10
499,	2420,	807,	274,	139,	10
500,	2419,	810,	274,	140,	10
501,	2418,	812,	274,	141,	10
502,	2417,	816,	274,	142,	10
503,	2417,	819,	274,	143,	10
504,	2416,	823,	274,	144,	10
505,	2416,	828,	274,	145,	10
506,	2416,	833,	274,	146,	10
507,	2416,	838,	274,	147,	10
508,	2417,	843,	274,	148,	10
509,	2418,	848,	274,	149,	10
510,	2419,	854,	274,	150,	10
511,	2420,	860,	274,	151,	10
512,	2421,	866,	274,	152,	10
513,	2421,	872,	274,	153,	10
514,	2422,	878,	274,	154,	10
515,	2422,	883,	274,	155,	10
516,	2426,	889,	274,	156,	10
517,	2433,	894,	274,	157,	10
518,	2442,	898,	274,	158,	10
519,	2454,	902,	274,	159,	10
520,	2468,	905,	274,	160,	10
521,	2483,	907,	274,	161,	10
522,	2497,	908,	274,	162,	10
523,	2511,	908,	274,	163,	10
524,	2527,	910,	274,	164,	10
525,	2545,	915,	274,	165,	10
526,	2567,	923,	274,	166,	10
527,	2606,	934,	274,	167,	10
528,	2632,	947,	274,	168,	10
529,	2658,	964,	274,	169,	10
530,	2680,	982,	274,	170,	10
531,	2698,	999,	274,	171,	10
532,	2712,	1015,	274,	172,	10
533,	2721,	1030,	274,	173,	10
534,	2724,	1041,	274,	174,	10
535,	2729,	1049,	274,	175,	10
536,	2738,	1056,	274,	176,	10
537,	2751,	1075,	274,	177,	10
538,	2769,	1098,	274,	178,	10
539,	2792,	1119,	274,	179,	10
540,	2820,	1135,	274,	180,	10
541,	2849,	1147,	274,	181,	10
542,	2875,	1156,	274,	182,	10
543,	2894,	1166,	274,	183,	10
544,	2907,	1177,	274,	184,	10
545,	2926,	1188,	274,	185,	10
546,	2950,	1197,	274,	186,	10
547,	2971,	1204,	274,	187,	10
548,	2989,	1209,	274,	188,	10
549,	3003,	1210,	274,	189,	10
550,	3014,	1210,	274,	190,	10
551,	3021,	1214,	274,	191,	10
552,	3025,	1218,	274,	192,	10
553,	3027,	1224,	274,	193,	10
554,	3027,	1232,	274,	194,	10
555,	3031,	1240,	274,	195,	10
556,	3037,	1250,	274,	196,	10
557,	3044,	1260,	274,	197,	10
558,	3053,	1270,	274,	198,	10
559,	3061,	1281,	274,	199,	10
560,	3068,	1292,	274,	200,	10
561,	3075,	1303,	274,	201,	10
562,	3080,	1312,	274,	202,	10
563,	3084,	1321,	274,	203,	10
564,	3086,	1330,	274,	204,	10
565,	3086,	1337,	274,	205,	10
566,	3085,	1343,	274,	206,	10
567,	3081,	1349,	274,	207,	10
568,	3076,	1354,	274,	208,	10
569,	3069,	1358,	274,	209,	10
570,	3060,	1361,	274,	210,	10
571,	3051,	1364,	274,	211,	10
572,	3042,	1366,	274,	212,	10
573,	3033,	1368,	274,	213,	10
574,	3027,	1369,	274,	214,	10
575,	3027,	1370,	274,	215,	10
576,	3025,	1371,	274,	216,	10
577,	3020,	1372,	274,	217,	10
578,	3011,	1372,	274,	218,	10
579,	2997,	1373,	274,	219,	10
580,	2979,	1373,	274,	220,	10
581,	2957,	1373,	274,	221,	10
582,	2932,	1373,	274,	222,	10
583,	2909,	1374,	274,	223,	10
584,	2895,	1374,	274,	224,	10
585,	2875,	1374,	274,	225,	10
586,	2848,	1374,	274,	226,	10
587,	2819,	1374,	274,	227,	10
588,	2791,	1375,	274,	228,	10
589,	2769,	1375,	274,	229,	10
590,	2752,	1375,	274,	230,	10
591,	2739,	1376,	274,	231,	10
592,	2731,	1377,	274,	232,	10
593,	2724,	1379,	274,	233,	10
594,	2724,	1380,	274,	234,	10
595,	2720,	1383,	274,	235,	10
596,	2713,	1386,	274,	236,	10
597,	2705,	1390,	274,	237,	10
598,	2695,	1395,	274,	238,	10
599,	2685,	1401,	274,	239,	10
600,	2675,	1407,	274,	240,	10
601,	2665,	1415,	274,	241,	10
602,	2656,	1424,	274,	242,	10
603,	2649,	1433,	274,	243,	10
604,	2643,	1442,	274,	244,	10
605,	2639,	1451,	274,	245,	10
606,	2637,	1460,	274,	246,	10
607,	2636,	1468,	274,	247,	10
608,	2636,	1476,	274,	248,	10
609,	2638,	1483,	274,	249,	10
610,	2640,	1489,	274,	250,	10
611,	2644,	1495,	274,	251,	10
612,	2649,	1500,	274,	252,	10
613,	2654,	1504,	274,	253,	10
614,	2660,	1508,	274,	254,	10
615,	2666,	1510,	274,	255,	10
616,	2673,	1512,	274,	256,	10
617,	2679,	1513,	274,	257,	10
618,	2685,	1513,	274,	258,	10
619,	2691,	1516,	274,	259,	10
620,	2696,	1519,	274,	260,	10
621,	2701,	1523,	274,	261,	10
622,	2706,	1526,	274,	262,	10
623,	2710,	1530,	274,	263,	10
624,	2713,	1533,	274,	264,	10
625,	2716,	1535,	274,	265,	10
626,	2718,	1537,	274,	266,	10
627,	2720,	1538,	274,	267,	10
628,	2721,	1538,	274,	268,	10
629,	2722,	1537,	274,	269,	10
630,	2723,	1535,	274,	270,	10
631,	2723,	1532,	274,	271,	10
632,	2723,	1528,	274,	272,	10
633,	2723,	1524,	274,	273,	10
634,	2723,	1520,	274,	274,	10
635,	2723,	1516,	274,	275,	10
636,	2723,	1513,	274,	276,	10
637,	2722,	1512,	274,	277,	10
638,	2721,	1510,	274,	278,	10
639,	2720,	1506,	274,	279,	10
640,	2719,	1501,	274,	280,	10
641,	2717,	1493,	274,	281,	10
642,	2715,	1484,	274,	282,	10
643,	2712,	1472,	274,	283,	10
644,	2709,	1458,	274,	284,	10
645,	2705,	1441,	274,	285,	10
646,	2701,	1421,	274,	286,	10
647,	2697,	1399,	274,	287,	10
648,	2693,	1381,	274,	288,	10
649,	2688,	1371,	274,	289,	10
650,	2684,	1361,	274,	290,	10
651,	2679,	1348,	274,	291,	10
652,	2674,	1332,	274,	292,	10
653,	2670,	1315,	274,	293,	10
654,	2665,	1297,	274,	294,	10
655,	2661,	1280,	274,	295,	10
656,	2658,	1264,	274,	296,	10
657,	2655,	1251,	274,	297,	10
658,	2653,	1240,	274,	298,	10
659,	2652,	1231,	274,	299,	10
660,	2652,	1224,	274,	300,	10
661,	2653,	1219,	274,	301,	10
662,	2655,	1216,	274,	302,	10
663,	2658,	1213,	274,	303,	10
664,	2662,	1212,	274,	304,	10
665,	2666,	1210,	274,	305,	10
666,	2672,	1210,	274,	306,	10
667,	2677,	1210,	274,	307,	10
668,	2683,	1210,	274,	308,	10
669,	2689,	1210,	274,	309,	10
670,	2695,	1210,	274,	310,	10
671,	2701,	1210,	274,	311,	10
672,	2706,	1210,	274,	312,	10
673,	2711,	1210,	274,	313,	10
674,	2716,	1210,	274,	314,	10
675,	2720,	1210,	274,	315,	10
676,	2722,	1210,	274,	316,	10
677,	2724,	1210,	274,	317,	10
678,	2724,	1210,	274,	318,	10
679,	2724,	1210,	274,	319,	10
680,	2729,	1210,	274,	320,	10
681,	2733,	1212,	274,	321,	10
682,	2738,	1212,	274,	322,	10
683,	2744,	1213,	274,	323,	10
684,	2751,	1215,	274,	324,	10
685,	2758,	1216,	274,	325,	10
686,	2767,	1218,	274,	326,	10
687,	2776,	1220,	274,	327,	10
688,	2786,	1222,	274,	328,	10
689,	2797,	1224,	274,	329,	10
690,	2808,	1227,	274,	330,	10
691,	2818,	1230,	274,	331,	10
692,	2828,	1232,	274,	332,	10
693,	2838,	1235,	274,	333,	10
694,	2847,	1238,	274,	334,	10
695,	2855,	1240,	274,	335,	10
696,	2862,	1243,	274,	336,	10
697,	2869,	1246,	274,	337,	10
698,	2875,	1250,	274,	338,	10
699,	2881,	1253,	274,	339,	10
700,	2886,	1257,	274,	340,	10
701,	2890,	1261,	274,	341,	10
702,	2894,	1266,	274,	342,	10
703,	2898,	1271,	274,	343,	10
704,	2901,	1276,	274,	344,	10
705,	2904,	1283,	274,	345,	10
706,	2909,	1290,	274,	346,	10
707,	2914,	1297,	274,	347,	10
708,	2921,	1306,	274,	348,	10
709,	2929,	1315,	274,	349,	10
710,	2937,	1324,	274,	350,	10
711,	2947,	1334,	274,	351,	10
712,	2957,	1344,	274,	352,	10
713,	2967,	1353,	274,	353,	10
714,	2977,	1362,	274,	354,	10
715,	2987,	1370,	274,	355,	10
716,	2997,	1376,	274,	356,	10
717,	3006,	1389,	274,	357,	10
718,	3014,	1408,	274,	358,	10
719,	3020,	1430,	274,	359,	10
720,	3025,	1450,	274,	360,	10
721,	3042,	1240,	274,	1,	15
722,	3040,	1258,	274,	2,	15
723,	3038,	1281,	274,	3,	15
724,	3036,	1308,	274,	4,	15
725,	3034,	1335,	274,	5,	15
726,	3032,	1359,	274,	6,	15
727,	3030,	1374,	274,	7,	15
728,	3028,	1401,	274,	8,	15
729,	3027,	1438,	274,	9,	15
730,	3027,	1468,	274,	10,	15
731,	3027,	1491,	274,	11,	15
732,	3026,	1506,	274,	12,	15
733,	3026,	1513,	274,	13,	15
734,	3024,	1524,	274,	14,	15
735,	3022,	1551,	274,	15,	15
736,	3019,	1590,	274,	16,	15
737,	3015,	1636,	274,	17,	15
738,	3010,	1676,	274,	18,	15
739,	3005,	1701,	274,	19,	15
740,	2999,	1739,	274,	20,	15
741,	2992,	1769,	274,	21,	15
742,	2984,	1793,	274,	22,	15
743,	2976,	1809,	274,	23,	15
744,	2966,	1816,	274,	24,	15
745,	2956,	1821,	274,	25,	15
746,	2946,	1848,	274,	26,	15
747,	2935,	1882,	274,	27,	15
748,	2925,	1913,	274,	28,	15
749,	2916,	1947,	274,	29,	15
750,	2908,	1992,	274,	30,	15
751,	2902,	2034,	274,	31,	15
752,	2897,	2069,	274,	32,	15
753,	2891,	2096,	274,	33,	15
754,	2884,	2113,	274,	34,	15
755,	2876,	2119,	274,	35,	15
756,	2867,	2131,	274,	36,	15
757,	2857,	2155,	274,	37,	15
758,	2846,	2185,	274,	38,	15
759,	2835,	2223,	274,	39,	15
760,	2824,	2262,	274,	40,	15
761,	2813,	2297,	274,	41,	15
762,	2801,	2320,	274,	42,	15
763,	2790,	2347,	274,	43,	15
764,	2780,	2373,	274,	44,	15
765,	2770,	2393,	274,	45,	15
766,	2761,	2409,	274,	46,	15
767,	2753,	2419,	274,	47,	15
768,	2746,	2421,	274,	48,	15
769,	2740,	2430,	274,	49,	15
770,	2735,	2455,	274,	50,	15
771,	2730,	2486,	274,	51,	15
772,	2724,	2517,	274,	52,	15
773,	2724,	2552,	274,	53,	15
774,	2723,	2622,	274,	54,	15
775,	2720,	2667,	274,	55,	15
776,	2714,	2704,	274,	56,	15
777,	2706,	2723,	274,	57,	15
778,	2695,	2734,	274,	58,	15
779,	2682,	2768,	274,	59,	15
780,	2665,	2833,	274,	60,	15
781,	2644,	2896,	274,	61,	15
782,	2615,	2954,	274,	62,	15
783,	2582,	3011,	274,	63,	15
784,	2559,	3027,	274,	64,	15
785,	2538,	3080,	274,	65,	15
786,	2520,	3171,	274,	66,	15
787,	2503,	3246,	274,	67,	15
788,	2486,	3292,	274,	68,	15
789,	2468,	3328,	274,	69,	15
790,	2449,	3355,	274,	70,	15
791,	2434,	3464,	274,	71,	15
792,	2424,	3554,	274,	72,	15
793,	2421,	3603,	274,	73,	15
794,	2420,	3632,	274,	74,	15
795,	2416,	3717,	274,	75,	15
796,	2409,	3827,	274,	76,	15
797,	2399,	3920,	274,	77,	15
798,	2388,	3935,	274,	78,	15
799,	2376,	3935,	274,	79,	15
800,	2362,	3935,	274,	80,	15
801,	2346,	3935,	274,	81,	15
802,	2330,	3935,	274,	82,	15
803,	2318,	3935,	274,	83,	15
804,	2308,	3935,	274,	84,	15
805,	2295,	3935,	274,	85,	15
806,	2281,	3935,	274,	86,	15
807,	2268,	3935,	274,	87,	15
808,	2255,	3913,	274,	88,	15
809,	2244,	3797,	274,	89,	15
810,	2235,	3631,	274,	90,	15
811,	2228,	3596,	274,	91,	15
812,	2222,	3492,	274,	92,	15
813,	2219,	3334,	274,	93,	15
814,	2218,	3288,	274,	94,	15
815,	2218,	3181,	274,	95,	15
816,	2219,	3030,	274,	96,	15
817,	2221,	2952,	274,	97,	15
818,	2225,	2798,	274,	98,	15
819,	2228,	2718,	274,	99,	15
820,	2233,	2560,	274,	100,	15
821,	2237,	2432,	274,	101,	15
822,	2242,	2381,	274,	102,	15
823,	2247,	2232,	274,	103,	15
824,	2251,	2115,	274,	104,	15
825,	2254,	1984,	274,	105,	15
826,	2257,	1833,	274,	106,	15
827,	2258,	1787,	274,	107,	15
828,	2259,	1675,	274,	108,	15
829,	2257,	1530,	274,	109,	15
830,	2255,	1477,	274,	110,	15
831,	2250,	1361,	274,	111,	15
832,	2244,	1240,	274,	112,	15
833,	2235,	1198,	274,	113,	15
834,	2223,	1119,	274,	114,	15
835,	2209,	1028,	274,	115,	15
836,	2193,	935,	274,	116,	15
837,	2176,	907,	274,	117,	15
838,	2158,	885,	274,	118,	15
839,	2141,	841,	274,	119,	15
840,	2126,	787,	274,	120,	15
841,	2119,	738,	274,	121,	15
842,	2113,	684,	274,	122,	15
843,	2095,	649,	274,	123,	15
844,	2067,	629,	274,	124,	15
845,	2028,	617,	274,	125,	15
846,	1967,	611,	274,	126,	15
847,	1933,	605,	274,	127,	15
848,	1896,	605,	274,	128,	15
849,	1857,	609,	274,	129,	15
850,	1823,	613,	274,	130,	15
851,	1816,	621,	274,	131,	15
852,	1805,	632,	274,	132,	15
853,	1780,	648,	274,	133,	15
854,	1744,	671,	274,	134,	15
855,	1698,	704,	274,	135,	15
856,	1663,	741,	274,	136,	15
857,	1605,	774,	274,	137,	15
858,	1552,	798,	274,	138,	15
859,	1519,	833,	274,	139,	15
860,	1509,	860,	274,	140,	15
861,	1490,	882,	274,	141,	15
862,	1456,	897,	274,	142,	15
863,	1406,	906,	274,	143,	15
864,	1370,	908,	274,	144,	15
865,	1338,	915,	274,	145,	15
866,	1295,	934,	274,	146,	15
867,	1253,	960,	274,	147,	15
868,	1225,	987,	274,	148,	15
869,	1212,	1009,	274,	149,	15
870,	1209,	1025,	274,	150,	15
871,	1195,	1034,	274,	151,	15
872,	1176,	1039,	274,	152,	15
873,	1157,	1040,	274,	153,	15
874,	1143,	1038,	274,	154,	15
875,	1122,	1033,	274,	155,	15
876,	1097,	1024,	274,	156,	15
877,	1070,	1010,	274,	157,	15
878,	1054,	990,	274,	158,	15
879,	1048,	965,	274,	159,	15
880,	1042,	940,	274,	160,	15
881,	1033,	919,	274,	161,	15
882,	1025,	908,	274,	162,	15
883,	1017,	907,	274,	163,	15
884,	1009,	901,	274,	164,	15
885,	1002,	888,	274,	165,	15
886,	995,	867,	274,	166,	15
887,	990,	839,	274,	167,	15
888,	985,	801,	274,	168,	15
889,	982,	772,	274,	169,	15
890,	979,	729,	274,	170,	15
891,	977,	679,	274,	171,	15
892,	976,	642,	274,	172,	15
893,	975,	617,	274,	173,	15
894,	975,	604,	274,	174,	15
895,	975,	596,	274,	175,	15
896,	976,	579,	274,	176,	15
897,	977,	551,	274,	177,	15
898,	979,	501,	274,	178,	15
899,	980,	479,	274,	179,	15
900,	982,	464,	274,	180,	15
901,	983,	446,	274,	181,	15
902,	985,	439,	274,	182,	15
903,	986,	428,	274,	183,	15
904,	988,	413,	274,	184,	15
905,	989,	396,	274,	185,	15
906,	991,	378,	274,	186,	15
907,	992,	362,	274,	187,	15
908,	994,	349,	274,	188,	15
909,	996,	338,	274,	189,	15
910,	999,	330,	274,	190,	15
911,	1001,	324,	274,	191,	15
912,	1004,	320,	274,	192,	15
913,	1007,	317,	274,	193,	15
914,	1010,	315,	274,	194,	15
915,	1014,	314,	274,	195,	15
916,	1018,	314,	274,	196,	15
917,	1022,	315,	274,	197,	15
918,	1027,	317,	274,	198,	15
919,	1031,	320,	274,	199,	15
920,	1036,	324,	274,	200,	15
921,	1040,	330,	274,	201,	15
922,	1045,	337,	274,	202,	15
923,	1049,	345,	274,	203,	15
924,	1052,	355,	274,	204,	15
925,	1057,	367,	274,	205,	15
926,	1068,	380,	274,	206,	15
927,	1085,	393,	274,	207,	15
928,	1102,	406,	274,	208,	15
929,	1119,	418,	274,	209,	15
930,	1134,	428,	274,	210,	15
931,	1146,	436,	274,	211,	15
932,	1156,	443,	274,	212,	15
933,	1168,	447,	274,	213,	15
934,	1181,	455,	274,	214,	15
935,	1195,	476,	274,	215,	15
936,	1205,	477,	274,	216,	15
937,	1210,	492,	274,	217,	15
938,	1212,	513,	274,	218,	15
939,	1221,	544,	274,	219,	15
940,	1236,	566,	274,	220,	15
941,	1259,	580,	274,	221,	15
942,	1289,	591,	274,	222,	15
943,	1321,	599,	274,	223,	15
944,	1350,	604,	274,	224,	15
945,	1371,	605,	274,	225,	15
946,	1395,	620,	274,	226,	15
947,	1435,	635,	274,	227,	15
948,	1468,	656,	274,	228,	15
949,	1492,	682,	274,	229,	15
950,	1508,	714,	274,	230,	15
951,	1513,	746,	274,	231,	15
952,	1532,	774,	274,	232,	15
953,	1566,	792,	274,	233,	15
954,	1615,	818,	274,	234,	15
955,	1664,	843,	274,	235,	15
956,	1696,	863,	274,	236,	15
957,	1738,	880,	274,	237,	15
958,	1774,	893,	274,	238,	15
959,	1800,	903,	274,	239,	15
960,	1814,	907,	274,	240,	15
961,	1819,	908,	274,	241,	15
962,	1855,	917,	274,	242,	15
963,	1901,	938,	274,	243,	15
964,	1949,	967,	274,	244,	15
965,	2016,	1000,	274,	245,	15
966,	2074,	1028,	274,	246,	15
967,	2111,	1047,	274,	247,	15
968,	2125,	1064,	274,	248,	15
969,	2168,	1106,	274,	249,	15
970,	2237,	1138,	274,	250,	15
971,	2304,	1157,	274,	251,	15
972,	2351,	1178,	274,	252,	15
973,	2393,	1197,	274,	253,	15
974,	2417,	1209,	274,	254,	15
975,	2423,	1212,	274,	255,	15
976,	2457,	1220,	274,	256,	15
977,	2503,	1238,	274,	257,	15
978,	2551,	1261,	274,	258,	15
979,	2631,	1290,	274,	259,	15
980,	2688,	1319,	274,	260,	15
981,	2719,	1344,	274,	261,	15
982,	2729,	1363,	274,	262,	15
983,	2755,	1375,	274,	263,	15
984,	2804,	1395,	274,	264,	15
985,	2866,	1422,	274,	265,	15
986,	2904,	1446,	274,	266,	15
987,	2951,	1464,	274,	267,	15
988,	2994,	1479,	274,	268,	15
989,	3020,	1490,	274,	269,	15
990,	3027,	1498,	274,	270,	15
991,	3039,	1504,	274,	271,	15
992,	3071,	1509,	274,	272,	15
993,	3111,	1511,	274,	273,	15
994,	3150,	1513,	274,	274,	15
995,	3184,	1513,	274,	275,	15
996,	3212,	1515,	274,	276,	15
997,	3234,	1518,	274,	277,	15
998,	3251,	1521,	274,	278,	15
999,	3263,	1523,	274,	279,	15
1000,	3272,	1525,	274,	280,	15
1001,	3278,	1527,	274,	281,	15
1002,	3288,	1528,	274,	282,	15
1003,	3296,	1528,	274,	283,	15
1004,	3302,	1528,	274,	284,	15
1005,	3306,	1528,	274,	285,	15
1006,	3310,	1526,	274,	286,	15
1007,	3312,	1525,	274,	287,	15
1008,	3313,	1523,	274,	288,	15
1009,	3314,	1521,	274,	289,	15
1010,	3313,	1518,	274,	290,	15
1011,	3313,	1516,	274,	291,	15
1012,	3311,	1513,	274,	292,	15
1013,	3309,	1513,	274,	293,	15
1014,	3305,	1513,	274,	294,	15
1015,	3302,	1512,	274,	295,	15
1016,	3297,	1510,	274,	296,	15
1017,	3292,	1508,	274,	297,	15
1018,	3285,	1505,	274,	298,	15
1019,	3279,	1501,	274,	299,	15
1020,	3276,	1497,	274,	300,	15
1021,	3272,	1491,	274,	301,	15
1022,	3267,	1485,	274,	302,	15
1023,	3261,	1478,	274,	303,	15
1024,	3255,	1470,	274,	304,	15
1025,	3248,	1460,	274,	305,	15
1026,	3240,	1450,	274,	306,	15
1027,	3231,	1438,	274,	307,	15
1028,	3222,	1425,	274,	308,	15
1029,	3212,	1410,	274,	309,	15
1030,	3201,	1396,	274,	310,	15
1031,	3191,	1384,	274,	311,	15
1032,	3179,	1375,	274,	312,	15
1033,	3168,	1370,	274,	313,	15
1034,	3156,	1363,	274,	314,	15
1035,	3144,	1355,	274,	315,	15
1036,	3131,	1345,	274,	316,	15
1037,	3119,	1334,	274,	317,	15
1038,	3108,	1322,	274,	318,	15
1039,	3097,	1309,	274,	319,	15
1040,	3087,	1296,	274,	320,	15
1041,	3078,	1283,	274,	321,	15
1042,	3069,	1271,	274,	322,	15
1043,	3062,	1260,	274,	323,	15
1044,	3055,	1250,	274,	324,	15
1045,	3049,	1241,	274,	325,	15
1046,	3045,	1233,	274,	326,	15
1047,	3041,	1226,	274,	327,	15
1048,	3037,	1221,	274,	328,	15
1049,	3035,	1217,	274,	329,	15
1050,	3033,	1214,	274,	330,	15
1051,	3032,	1212,	274,	331,	15
1052,	3030,	1210,	274,	332,	15
1053,	3030,	1210,	274,	333,	15
1054,	3029,	1210,	274,	334,	15
1055,	3029,	1208,	274,	335,	15
1056,	3029,	1206,	274,	336,	15
1057,	3029,	1203,	274,	337,	15
1058,	3029,	1200,	274,	338,	15
1059,	3029,	1197,	274,	339,	15
1060,	3030,	1194,	274,	340,	15
1061,	3030,	1191,	274,	341,	15
1062,	3031,	1189,	274,	342,	15
1063,	3032,	1187,	274,	343,	15
1064,	3033,	1185,	274,	344,	15
1065,	3034,	1185,	274,	345,	15
1066,	3035,	1185,	274,	346,	15
1067,	3036,	1185,	274,	347,	15
1068,	3037,	1186,	274,	348,	15
1069,	3039,	1188,	274,	349,	15
1070,	3040,	1191,	274,	350,	15
1071,	3041,	1194,	274,	351,	15
1072,	3042,	1198,	274,	352,	15
1073,	3043,	1202,	274,	353,	15
1074,	3044,	1205,	274,	354,	15
1075,	3045,	1209,	274,	355,	15
1076,	3045,	1210,	274,	356,	15
1077,	3045,	1210,	274,	357,	15
1078,	3045,	1213,	274,	358,	15
1079,	3045,	1218,	274,	359,	15
1080,	3044,	1227,	274,	360,	15
1081,	1816,	1189,	274,	1,	20
1082,	1816,	1200,	274,	2,	20
1083,	1817,	1208,	274,	3,	20
1084,	1818,	1210,	274,	4,	20
1085,	1820,	1210,	274,	5,	20
1086,	1821,	1214,	274,	6,	20
1087,	1822,	1218,	274,	7,	20
1088,	1822,	1223,	274,	8,	20
1089,	1822,	1230,	274,	9,	20
1090,	1822,	1236,	274,	10,	20
1091,	1821,	1243,	274,	11,	20
1092,	1821,	1250,	274,	12,	20
1093,	1820,	1257,	274,	13,	20
1094,	1819,	1264,	274,	14,	20
1095,	1818,	1271,	274,	15,	20
1096,	1817,	1279,	274,	16,	20
1097,	1817,	1286,	274,	17,	20
1098,	1816,	1293,	274,	18,	20
1099,	1816,	1300,	274,	19,	20
1100,	1816,	1308,	274,	20,	20
1101,	1816,	1315,	274,	21,	20
1102,	1816,	1323,	274,	22,	20
1103,	1816,	1331,	274,	23,	20
1104,	1816,	1339,	274,	24,	20
1105,	1816,	1347,	274,	25,	20
1106,	1816,	1355,	274,	26,	20
1107,	1816,	1363,	274,	27,	20
1108,	1817,	1370,	274,	28,	20
1109,	1819,	1375,	274,	29,	20
1110,	1822,	1386,	274,	30,	20
1111,	1826,	1404,	274,	31,	20
1112,	1833,	1425,	274,	32,	20
1113,	1843,	1445,	274,	33,	20
1114,	1854,	1464,	274,	34,	20
1115,	1868,	1480,	274,	35,	20
1116,	1882,	1493,	274,	36,	20
1117,	1897,	1504,	274,	37,	20
1118,	1912,	1511,	274,	38,	20
1119,	1929,	1513,	274,	39,	20
1120,	1948,	1523,	274,	40,	20
1121,	1982,	1541,	274,	41,	20
1122,	2002,	1565,	274,	42,	20
1123,	2028,	1596,	274,	43,	20
1124,	2053,	1630,	274,	44,	20
1125,	2075,	1662,	274,	45,	20
1126,	2094,	1687,	274,	46,	20
1127,	2108,	1706,	274,	47,	20
1128,	2117,	1733,	274,	48,	20
1129,	2119,	1757,	274,	49,	20
1130,	2129,	1777,	274,	50,	20
1131,	2146,	1793,	274,	51,	20
1132,	2167,	1805,	274,	52,	20
1133,	2192,	1813,	274,	53,	20
1134,	2219,	1816,	274,	54,	20
1135,	2248,	1817,	274,	55,	20
1136,	2275,	1829,	274,	56,	20
1137,	2297,	1847,	274,	57,	20
1138,	2313,	1868,	274,	58,	20
1139,	2324,	1886,	274,	59,	20
1140,	2342,	1903,	274,	60,	20
1141,	2357,	1919,	274,	61,	20
1142,	2368,	1934,	274,	62,	20
1143,	2377,	1949,	274,	63,	20
1144,	2385,	1964,	274,	64,	20
1145,	2392,	1967,	274,	65,	20
1146,	2397,	1997,	274,	66,	20
1147,	2402,	2009,	274,	67,	20
1148,	2406,	2019,	274,	68,	20
1149,	2409,	2028,	274,	69,	20
1150,	2412,	2035,	274,	70,	20
1151,	2414,	2041,	274,	71,	20
1152,	2416,	2046,	274,	72,	20
1153,	2417,	2050,	274,	73,	20
1154,	2419,	2053,	274,	74,	20
1155,	2420,	2055,	274,	75,	20
1156,	2420,	2057,	274,	76,	20
1157,	2421,	2057,	274,	77,	20
1158,	2421,	2058,	274,	78,	20
1159,	2421,	2057,	274,	79,	20
1160,	2422,	2057,	274,	80,	20
1161,	2423,	2056,	274,	81,	20
1162,	2426,	2055,	274,	82,	20
1163,	2432,	2053,	274,	83,	20
1164,	2439,	2052,	274,	84,	20
1165,	2448,	2050,	274,	85,	20
1166,	2460,	2049,	274,	86,	20
1167,	2473,	2047,	274,	87,	20
1168,	2488,	2046,	274,	88,	20
1169,	2502,	2045,	274,	89,	20
1170,	2519,	2044,	274,	90,	20
1171,	2538,	2043,	274,	91,	20
1172,	2563,	2043,	274,	92,	20
1173,	2619,	2044,	274,	93,	20
1174,	2644,	2044,	274,	94,	20
1175,	2676,	2045,	274,	95,	20
1176,	2701,	2046,	274,	96,	20
1177,	2718,	2046,	274,	97,	20
1178,	2724,	2047,	274,	98,	20
1179,	2735,	2047,	274,	99,	20
1180,	2756,	2047,	274,	100,	20
1181,	2791,	2047,	274,	101,	20
1182,	2839,	2046,	274,	102,	20
1183,	2884,	2044,	274,	103,	20
1184,	2912,	2042,	274,	104,	20
1185,	2957,	2039,	274,	105,	20
1186,	2996,	2034,	274,	106,	20
1187,	3020,	2029,	274,	107,	20
1188,	3027,	2022,	274,	108,	20
1189,	3042,	2014,	274,	109,	20
1190,	3082,	2004,	274,	110,	20
1191,	3133,	1992,	274,	111,	20
1192,	3182,	1990,	274,	112,	20
1193,	3223,	1959,	274,	113,	20
1194,	3254,	1944,	274,	114,	20
1195,	3275,	1929,	274,	115,	20
1196,	3298,	1913,	274,	116,	20
1197,	3318,	1897,	274,	117,	20
1198,	3328,	1879,	274,	118,	20
1199,	3330,	1857,	274,	119,	20
1200,	3338,	1835,	274,	120,	20
1201,	3361,	1819,	274,	121,	20
1202,	3392,	1816,	274,	122,	20
1203,	3422,	1812,	274,	123,	20
1204,	3449,	1801,	274,	124,	20
1205,	3471,	1782,	274,	125,	20
1206,	3489,	1756,	274,	126,	20
1207,	3503,	1724,	274,	127,	20
1208,	3514,	1691,	274,	128,	20
1209,	3522,	1658,	274,	129,	20
1210,	3528,	1609,	274,	130,	20
1211,	3532,	1562,	274,	131,	20
1212,	3535,	1528,	274,	132,	20
1213,	3536,	1513,	274,	133,	20
1214,	3535,	1503,	274,	134,	20
1215,	3534,	1481,	274,	135,	20
1216,	3532,	1445,	274,	136,	20
1217,	3529,	1397,	274,	137,	20
1218,	3526,	1367,	274,	138,	20
1219,	3522,	1336,	274,	139,	20
1220,	3517,	1294,	274,	140,	20
1221,	3513,	1254,	274,	141,	20
1222,	3509,	1226,	274,	142,	20
1223,	3505,	1212,	274,	143,	20
1224,	3501,	1208,	274,	144,	20
1225,	3499,	1193,	274,	145,	20
1226,	3497,	1171,	274,	146,	20
1227,	3496,	1152,	274,	147,	20
1228,	3497,	1133,	274,	148,	20
1229,	3500,	1104,	274,	149,	20
1230,	3504,	1070,	274,	150,	20
1231,	3510,	1052,	274,	151,	20
1232,	3518,	1045,	274,	152,	20
1233,	3527,	1034,	274,	153,	20
1234,	3538,	1023,	274,	154,	20
1235,	3550,	1011,	274,	155,	20
1236,	3562,	1000,	274,	156,	20
1237,	3573,	990,	274,	157,	20
1238,	3584,	982,	274,	158,	20
1239,	3594,	975,	274,	159,	20
1240,	3602,	970,	274,	160,	20
1241,	3616,	966,	274,	161,	20
1242,	3626,	964,	274,	162,	20
1243,	3632,	963,	274,	163,	20
1244,	3632,	963,	274,	164,	20
1245,	3642,	964,	274,	165,	20
1246,	3687,	965,	274,	166,	20
1247,	3745,	968,	274,	167,	20
1248,	3793,	971,	274,	168,	20
1249,	3823,	975,	274,	169,	20
1250,	3871,	979,	274,	170,	20
1251,	3912,	984,	274,	171,	20
1252,	3933,	989,	274,	172,	20
1253,	3935,	993,	274,	173,	20
1254,	3935,	998,	274,	174,	20
1255,	3935,	1003,	274,	175,	20
1256,	3935,	1007,	274,	176,	20
1257,	3935,	1011,	274,	177,	20
1258,	3935,	1014,	274,	178,	20
1259,	3935,	1017,	274,	179,	20
1260,	300,	1019,	274,	180,	20
1261,	302,	1021,	274,	181,	20
1262,	302,	1021,	274,	182,	20
1263,	302,	1021,	274,	183,	20
1264,	303,	1021,	274,	184,	20
1265,	305,	1019,	274,	185,	20
1266,	308,	1017,	274,	186,	20
1267,	310,	1014,	274,	187,	20
1268,	313,	1010,	274,	188,	20
1269,	315,	1004,	274,	189,	20
1270,	317,	998,	274,	190,	20
1271,	318,	990,	274,	191,	20
1272,	318,	981,	274,	192,	20
1273,	317,	970,	274,	193,	20
1274,	316,	959,	274,	194,	20
1275,	313,	947,	274,	195,	20
1276,	310,	936,	274,	196,	20
1277,	306,	926,	274,	197,	20
1278,	303,	917,	274,	198,	20
1279,	302,	910,	274,	199,	20
1280,	302,	908,	274,	200,	20
1281,	299,	908,	274,	201,	20
1282,	299,	906,	274,	202,	20
1283,	299,	901,	274,	203,	20
1284,	299,	894,	274,	204,	20
1285,	3919,	883,	274,	205,	20
1286,	3815,	869,	274,	206,	20
1287,	3676,	851,	274,	207,	20
1288,	3629,	829,	274,	208,	20
1289,	3585,	800,	274,	209,	20
1290,	3504,	779,	274,	210,	20
1291,	3376,	749,	274,	211,	20
1292,	3329,	710,	274,	212,	20
1293,	3278,	670,	274,	213,	20
1294,	3209,	639,	274,	214,	20
1295,	3087,	617,	274,	215,	20
1296,	3026,	605,	274,	216,	20
1297,	2960,	597,	274,	217,	20
1298,	2863,	580,	274,	218,	20
1299,	2749,	550,	274,	219,	20
1300,	2716,	495,	274,	220,	20
1301,	2621,	484,	274,	221,	20
1302,	2503,	448,	274,	222,	20
1303,	2425,	437,	274,	223,	20
1304,	2402,	414,	274,	224,	20
1305,	2323,	377,	274,	225,	20
1306,	2215,	339,	274,	226,	20
1307,	2123,	311,	274,	227,	20
1308,	2082,	302,	274,	228,	20
1309,	1989,	297,	274,	229,	20
1310,	1885,	284,	274,	230,	20
1311,	1817,	3934,	274,	231,	20
1312,	1802,	3829,	274,	232,	20
1313,	1749,	3691,	274,	233,	20
1314,	1683,	3632,	274,	234,	20
1315,	1600,	3599,	274,	235,	20
1316,	1531,	3557,	274,	236,	20
1317,	1510,	3491,	274,	237,	20
1318,	1481,	3412,	274,	238,	20
1319,	1429,	3347,	274,	239,	20
1320,	1374,	3330,	274,	240,	20
1321,	1343,	3324,	274,	241,	20
1322,	1298,	3305,	274,	242,	20
1323,	1259,	3279,	274,	243,	20
1324,	1232,	3266,	274,	244,	20
1325,	1217,	3248,	274,	245,	20
1326,	1211,	3229,	274,	246,	20
1327,	1210,	3208,	274,	247,	20
1328,	1207,	3189,	274,	248,	20
1329,	1203,	3170,	274,	249,	20
1330,	1198,	3154,	274,	250,	20
1331,	1195,	3140,	274,	251,	20
1332,	1194,	3127,	274,	252,	20
1333,	1194,	3118,	274,	253,	20
1334,	1196,	3110,	274,	254,	20
1335,	1199,	3105,	274,	255,	20
1336,	1202,	3101,	274,	256,	20
1337,	1206,	3099,	274,	257,	20
1338,	1209,	3098,	274,	258,	20
1339,	1210,	3098,	274,	259,	20
1340,	1210,	3099,	274,	260,	20
1341,	1214,	3101,	274,	261,	20
1342,	1219,	3104,	274,	262,	20
1343,	1227,	3107,	274,	263,	20
1344,	1238,	3110,	274,	264,	20
1345,	1251,	3113,	274,	265,	20
1346,	1267,	3116,	274,	266,	20
1347,	1284,	3118,	274,	267,	20
1348,	1302,	3121,	274,	268,	20
1349,	1318,	3122,	274,	269,	20
1350,	1333,	3122,	274,	270,	20
1351,	1345,	3121,	274,	271,	20
1352,	1354,	3119,	274,	272,	20
1353,	1362,	3116,	274,	273,	20
1354,	1367,	3111,	274,	274,	20
1355,	1371,	3106,	274,	275,	20
1356,	1374,	3100,	274,	276,	20
1357,	1377,	3093,	274,	277,	20
1358,	1380,	3087,	274,	278,	20
1359,	1383,	3080,	274,	279,	20
1360,	1385,	3074,	274,	280,	20
1361,	1387,	3067,	274,	281,	20
1362,	1387,	3061,	274,	282,	20
1363,	1387,	3056,	274,	283,	20
1364,	1387,	3052,	274,	284,	20
1365,	1385,	3048,	274,	285,	20
1366,	1383,	3045,	274,	286,	20
1367,	1381,	3042,	274,	287,	20
1368,	1379,	3040,	274,	288,	20
1369,	1376,	3039,	274,	289,	20
1370,	1374,	3039,	274,	290,	20
1371,	1373,	3040,	274,	291,	20
1372,	1371,	3041,	274,	292,	20
1373,	1369,	3044,	274,	293,	20
1374,	1366,	3048,	274,	294,	20
1375,	1363,	3054,	274,	295,	20
1376,	1360,	3062,	274,	296,	20
1377,	1356,	3073,	274,	297,	20
1378,	1353,	3088,	274,	298,	20
1379,	1349,	3106,	274,	299,	20
1380,	1345,	3127,	274,	300,	20
1381,	1341,	3152,	274,	301,	20
1382,	1338,	3179,	274,	302,	20
1383,	1334,	3206,	274,	303,	20
1384,	1331,	3232,	274,	304,	20
1385,	1328,	3255,	274,	305,	20
1386,	1326,	3273,	274,	306,	20
1387,	1323,	3295,	274,	307,	20
1388,	1322,	3317,	274,	308,	20
1389,	1320,	3329,	274,	309,	20
1390,	1320,	3333,	274,	310,	20
1391,	1320,	3374,	274,	311,	20
1392,	1320,	3444,	274,	312,	20
1393,	1321,	3513,	274,	313,	20
1394,	1322,	3567,	274,	314,	20
1395,	1325,	3601,	274,	315,	20
1396,	1327,	3631,	274,	316,	20
1397,	1331,	3665,	274,	317,	20
1398,	1335,	3801,	274,	318,	20
1399,	1339,	3906,	274,	319,	20
1400,	1344,	3935,	274,	320,	20
1401,	1349,	289,	274,	321,	20
1402,	1355,	299,	274,	322,	20
1403,	1361,	302,	274,	323,	20
1404,	1366,	310,	274,	324,	20
1405,	1371,	333,	274,	325,	20
1406,	1375,	366,	274,	326,	20
1407,	1383,	401,	274,	327,	20
1408,	1395,	427,	274,	328,	20
1409,	1411,	443,	274,	329,	20
1410,	1428,	455,	274,	330,	20
1411,	1444,	479,	274,	331,	20
1412,	1459,	503,	274,	332,	20
1413,	1473,	554,	274,	333,	20
1414,	1485,	581,	274,	334,	20
1415,	1496,	597,	274,	335,	20
1416,	1504,	605,	274,	336,	20
1417,	1510,	617,	274,	337,	20
1418,	1513,	640,	274,	338,	20
1419,	1517,	674,	274,	339,	20
1420,	1528,	718,	274,	340,	20
1421,	1543,	761,	274,	341,	20
1422,	1563,	789,	274,	342,	20
1423,	1587,	823,	274,	343,	20
1424,	1614,	853,	274,	344,	20
1425,	1641,	876,	274,	345,	20
1426,	1664,	893,	274,	346,	20
1427,	1683,	904,	274,	347,	20
1428,	1696,	908,	274,	348,	20
1429,	1716,	911,	274,	349,	20
1430,	1735,	928,	274,	350,	20
1431,	1752,	956,	274,	351,	20
1432,	1767,	990,	274,	352,	20
1433,	1779,	1020,	274,	353,	20
1434,	1790,	1042,	274,	354,	20
1435,	1799,	1054,	274,	355,	20
1436,	1805,	1088,	274,	356,	20
1437,	1810,	1122,	274,	357,	20
1438,	1813,	1144,	274,	358,	20
1439,	1815,	1158,	274,	359,	20
1440,	1816,	1174,	274,	360,	20
1441,	2914,	2975,	274,	1,	25
1442,	2881,	3015,	274,	2,	25
1443,	2832,	3027,	274,	3,	25
1444,	2783,	3032,	274,	4,	25
1445,	2750,	3047,	274,	5,	25
1446,	2732,	3060,	274,	6,	25
1447,	2724,	3064,	274,	7,	25
1448,	2717,	3059,	274,	8,	25
1449,	2701,	3048,	274,	9,	25
1450,	2678,	3034,	274,	10,	25
1451,	2648,	3027,	274,	11,	25
1452,	2619,	3023,	274,	12,	25
1453,	2571,	3004,	274,	13,	25
1454,	2545,	2965,	274,	14,	25
1455,	2524,	2912,	274,	15,	25
1456,	2507,	2872,	274,	16,	25
1457,	2490,	2803,	274,	17,	25
1458,	2473,	2749,	274,	18,	25
1459,	2456,	2724,	274,	19,	25
1460,	2441,	2707,	274,	20,	25
1461,	2430,	2653,	274,	21,	25
1462,	2423,	2562,	274,	22,	25
1463,	2421,	2505,	274,	23,	25
1464,	2421,	2453,	274,	24,	25
1465,	2418,	2422,	274,	25,	25
1466,	2413,	2412,	274,	26,	25
1467,	2406,	2380,	274,	27,	25
1468,	2398,	2331,	274,	28,	25
1469,	2389,	2282,	274,	29,	25
1470,	2377,	2213,	274,	30,	25
1471,	2365,	2157,	274,	31,	25
1472,	2349,	2124,	274,	32,	25
1473,	2332,	2115,	274,	33,	25
1474,	2318,	2094,	274,	34,	25
1475,	2304,	2062,	274,	35,	25
1476,	2286,	2026,	274,	36,	25
1477,	2264,	1989,	274,	37,	25
1478,	2241,	1953,	274,	38,	25
1479,	2216,	1929,	274,	39,	25
1480,	2194,	1910,	274,	40,	25
1481,	2174,	1894,	274,	41,	25
1482,	2156,	1881,	274,	42,	25
1483,	2142,	1869,	274,	43,	25
1484,	2130,	1859,	274,	44,	25
1485,	2122,	1852,	274,	45,	25
1486,	2119,	1848,	274,	46,	25
1487,	2117,	1846,	274,	47,	25
1488,	2112,	1846,	274,	48,	25
1489,	2106,	1849,	274,	49,	25
1490,	2097,	1854,	274,	50,	25
1491,	2088,	1862,	274,	51,	25
1492,	2078,	1871,	274,	52,	25
1493,	2068,	1883,	274,	53,	25
1494,	2057,	1896,	274,	54,	25
1495,	2047,	1911,	274,	55,	25
1496,	2038,	1929,	274,	56,	25
1497,	2029,	1952,	274,	57,	25
1498,	2021,	1979,	274,	58,	25
1499,	2015,	2019,	274,	59,	25
1500,	2009,	2053,	274,	60,	25
1501,	2006,	2083,	274,	61,	25
1502,	2003,	2107,	274,	62,	25
1503,	2002,	2118,	274,	63,	25
1504,	2002,	2131,	274,	64,	25
1505,	2003,	2163,	274,	65,	25
1506,	2004,	2210,	274,	66,	25
1507,	2006,	2265,	274,	67,	25
1508,	2009,	2310,	274,	68,	25
1509,	2011,	2345,	274,	69,	25
1510,	2014,	2379,	274,	70,	25
1511,	2016,	2403,	274,	71,	25
1512,	2017,	2418,	274,	72,	25
1513,	2018,	2422,	274,	73,	25
1514,	2018,	2433,	274,	74,	25
1515,	2017,	2460,	274,	75,	25
1516,	2014,	2488,	274,	76,	25
1517,	2010,	2512,	274,	77,	25
1518,	2004,	2534,	274,	78,	25
1519,	1996,	2557,	274,	79,	25
1520,	1983,	2579,	274,	80,	25
1521,	1976,	2625,	274,	81,	25
1522,	1956,	2624,	274,	82,	25
1523,	1941,	2631,	274,	83,	25
1524,	1926,	2630,	274,	84,	25
1525,	1909,	2616,	274,	85,	25
1526,	1891,	2604,	274,	86,	25
1527,	1869,	2568,	274,	87,	25
1528,	1844,	2540,	274,	88,	25
1529,	1822,	2511,	274,	89,	25
1530,	1816,	2479,	274,	90,	25
1531,	1812,	2439,	274,	91,	25
1532,	1796,	2421,	274,	92,	25
1533,	1770,	2406,	274,	93,	25
1534,	1733,	2361,	274,	94,	25
1535,	1691,	2295,	274,	95,	25
1536,	1645,	2193,	274,	96,	25
1537,	1580,	2119,	274,	97,	25
1538,	1530,	2085,	274,	98,	25
1539,	1512,	1968,	274,	99,	25
1540,	1490,	1887,	274,	100,	25
1541,	1444,	1816,	274,	101,	25
1542,	1378,	1793,	274,	102,	25
1543,	1338,	1718,	274,	103,	25
1544,	1274,	1626,	274,	104,	25
1545,	1225,	1526,	274,	105,	25
1546,	1210,	1495,	274,	106,	25
1547,	1183,	1407,	274,	107,	25
1548,	1145,	1329,	274,	108,	25
1549,	1083,	1235,	274,	109,	25
1550,	1041,	1207,	274,	110,	25
1551,	996,	1152,	274,	111,	25
1552,	942,	1062,	274,	112,	25
1553,	911,	1008,	274,	113,	25
1554,	907,	932,	274,	114,	25
1555,	897,	908,	274,	115,	25
1556,	878,	895,	274,	116,	25
1557,	851,	862,	274,	117,	25
1558,	818,	815,	274,	118,	25
1559,	787,	774,	274,	119,	25
1560,	760,	724,	274,	120,	25
1561,	725,	675,	274,	121,	25
1562,	692,	643,	274,	122,	25
1563,	665,	624,	274,	123,	25
1564,	646,	611,	274,	124,	25
1565,	632,	605,	274,	125,	25
1566,	622,	604,	274,	126,	25
1567,	614,	603,	274,	127,	25
1568,	605,	602,	274,	128,	25
1569,	605,	602,	274,	129,	25
1570,	605,	602,	274,	130,	25
1571,	604,	603,	274,	131,	25
1572,	604,	605,	274,	132,	25
1573,	603,	605,	274,	133,	25
1574,	603,	613,	274,	134,	25
1575,	603,	622,	274,	135,	25
1576,	603,	636,	274,	136,	25
1577,	604,	654,	274,	137,	25
1578,	604,	679,	274,	138,	25
1579,	604,	711,	274,	139,	25
1580,	605,	746,	274,	140,	25
1581,	605,	775,	274,	141,	25
1582,	605,	796,	274,	142,	25
1583,	605,	827,	274,	143,	25
1584,	611,	853,	274,	144,	25
1585,	614,	874,	274,	145,	25
1586,	618,	890,	274,	146,	25
1587,	621,	901,	274,	147,	25
1588,	624,	907,	274,	148,	25
1589,	628,	908,	274,	149,	25
1590,	631,	917,	274,	150,	25
1591,	634,	936,	274,	151,	25
1592,	637,	962,	274,	152,	25
1593,	639,	990,	274,	153,	25
1594,	641,	1015,	274,	154,	25
1595,	642,	1034,	274,	155,	25
1596,	644,	1047,	274,	156,	25
1597,	645,	1054,	274,	157,	25
1598,	645,	1074,	274,	158,	25
1599,	646,	1099,	274,	159,	25
1600,	647,	1119,	274,	160,	25
1601,	648,	1135,	274,	161,	25
1602,	649,	1145,	274,	162,	25
1603,	650,	1153,	274,	163,	25
1604,	651,	1160,	274,	164,	25
1605,	653,	1167,	274,	165,	25
1606,	656,	1174,	274,	166,	25
1607,	659,	1180,	274,	167,	25
1608,	662,	1186,	274,	168,	25
1609,	667,	1191,	274,	169,	25
1610,	673,	1195,	274,	170,	25
1611,	680,	1198,	274,	171,	25
1612,	689,	1201,	274,	172,	25
1613,	700,	1203,	274,	173,	25
1614,	713,	1205,	274,	174,	25
1615,	727,	1206,	274,	175,	25
1616,	742,	1207,	274,	176,	25
1617,	759,	1208,	274,	177,	25
1618,	774,	1209,	274,	178,	25
1619,	787,	1209,	274,	179,	25
1620,	801,	1210,	274,	180,	25
1621,	823,	1210,	274,	181,	25
1622,	844,	1210,	274,	182,	25
1623,	862,	1210,	274,	183,	25
1624,	879,	1210,	274,	184,	25
1625,	893,	1210,	274,	185,	25
1626,	903,	1210,	274,	186,	25
1627,	907,	1210,	274,	187,	25
1628,	909,	1210,	274,	188,	25
1629,	923,	1212,	274,	189,	25
1630,	952,	1212,	274,	190,	25
1631,	991,	1214,	274,	191,	25
1632,	1026,	1215,	274,	192,	25
1633,	1049,	1218,	274,	193,	25
1634,	1078,	1222,	274,	194,	25
1635,	1126,	1227,	274,	195,	25
1636,	1154,	1233,	274,	196,	25
1637,	1178,	1242,	274,	197,	25
1638,	1201,	1252,	274,	198,	25
1639,	1210,	1266,	274,	199,	25
1640,	1216,	1282,	274,	200,	25
1641,	1233,	1301,	274,	201,	25
1642,	1258,	1322,	274,	202,	25
1643,	1289,	1342,	274,	203,	25
1644,	1319,	1360,	274,	204,	25
1645,	1344,	1373,	274,	205,	25
1646,	1361,	1393,	274,	206,	25
1647,	1372,	1428,	274,	207,	25
1648,	1382,	1459,	274,	208,	25
1649,	1396,	1484,	274,	209,	25
1650,	1408,	1502,	274,	210,	25
1651,	1416,	1512,	274,	211,	25
1652,	1419,	1523,	274,	212,	25
1653,	1418,	1555,	274,	213,	25
1654,	1412,	1606,	274,	214,	25
1655,	1402,	1662,	274,	215,	25
1656,	1389,	1698,	274,	216,	25
1657,	1376,	1748,	274,	217,	25
1658,	1368,	1786,	274,	218,	25
1659,	1355,	1811,	274,	219,	25
1660,	1334,	1817,	274,	220,	25
1661,	1307,	1854,	274,	221,	25
1662,	1276,	1908,	274,	222,	25
1663,	1247,	1975,	274,	223,	25
1664,	1224,	2049,	274,	224,	25
1665,	1212,	2104,	274,	225,	25
1666,	1208,	2123,	274,	226,	25
1667,	1190,	2176,	274,	227,	25
1668,	1163,	2262,	274,	228,	25
1669,	1139,	2325,	274,	229,	25
1670,	1093,	2385,	274,	230,	25
1671,	1051,	2417,	274,	231,	25
1672,	1027,	2427,	274,	232,	25
1673,	986,	2479,	274,	233,	25
1674,	942,	2535,	274,	234,	25
1675,	914,	2627,	274,	235,	25
1676,	908,	2697,	274,	236,	25
1677,	901,	2724,	274,	237,	25
1678,	885,	2748,	274,	238,	25
1679,	861,	2813,	274,	239,	25
1680,	828,	2889,	274,	240,	25
1681,	790,	2945,	274,	241,	25
1682,	757,	3005,	274,	242,	25
1683,	708,	3027,	274,	243,	25
1684,	662,	3052,	274,	244,	25
1685,	631,	3120,	274,	245,	25
1686,	610,	3191,	274,	246,	25
1687,	603,	3244,	274,	247,	25
1688,	591,	3276,	274,	248,	25
1689,	572,	3310,	274,	249,	25
1690,	536,	3329,	274,	250,	25
1691,	491,	3334,	274,	251,	25
1692,	483,	3381,	274,	252,	25
1693,	448,	3446,	274,	253,	25
1694,	442,	3504,	274,	254,	25
1695,	427,	3549,	274,	255,	25
1696,	406,	3580,	274,	256,	25
1697,	378,	3599,	274,	257,	25
1698,	350,	3619,	274,	258,	25
1699,	327,	3630,	274,	259,	25
1700,	310,	3632,	274,	260,	25
1701,	303,	3637,	274,	261,	25
1702,	302,	3665,	274,	262,	25
1703,	299,	3700,	274,	263,	25
1704,	293,	3729,	274,	264,	25
1705,	286,	3749,	274,	265,	25
1706,	279,	3760,	274,	266,	25
1707,	3935,	3762,	274,	267,	25
1708,	3932,	3757,	274,	268,	25
1709,	3909,	3744,	274,	269,	25
1710,	3875,	3720,	274,	270,	25
1711,	3845,	3687,	274,	271,	25
1712,	3819,	3653,	274,	272,	25
1713,	3811,	3631,	274,	273,	25
1714,	3806,	3632,	274,	274,	25
1715,	3806,	3626,	274,	275,	25
1716,	3812,	3608,	274,	276,	25
1717,	3820,	3589,	274,	277,	25
1718,	3849,	3561,	274,	278,	25
1719,	3882,	3519,	274,	279,	25
1720,	3917,	3460,	274,	280,	25
1721,	3935,	3390,	274,	281,	25
1722,	275,	3336,	274,	282,	25
1723,	284,	3329,	274,	283,	25
1724,	293,	3307,	274,	284,	25
1725,	299,	3271,	274,	285,	25
1726,	302,	3229,	274,	286,	25
1727,	306,	3162,	274,	287,	25
1728,	324,	3080,	274,	288,	25
1729,	355,	3027,	274,	289,	25
1730,	394,	3012,	274,	290,	25
1731,	426,	2950,	274,	291,	25
1732,	445,	2885,	274,	292,	25
1733,	475,	2794,	274,	293,	25
1734,	498,	2734,	274,	294,	25
1735,	567,	2714,	274,	295,	25
1736,	597,	2646,	274,	296,	25
1737,	610,	2535,	274,	297,	25
1738,	651,	2464,	274,	298,	25
1739,	730,	2421,	274,	299,	25
1740,	796,	2392,	274,	300,	25
1741,	864,	2317,	274,	301,	25
1742,	902,	2209,	274,	302,	25
1743,	917,	2122,	274,	303,	25
1744,	1001,	2080,	274,	304,	25
1745,	1076,	1967,	274,	305,	25
1746,	1172,	1876,	274,	306,	25
1747,	1214,	1816,	274,	307,	25
1748,	1306,	1787,	274,	308,	25
1749,	1405,	1712,	274,	309,	25
1750,	1503,	1627,	274,	310,	25
1751,	1558,	1532,	274,	311,	25
1752,	1691,	1504,	274,	312,	25
1753,	1789,	1445,	274,	313,	25
1754,	1824,	1367,	274,	314,	25
1755,	1933,	1294,	274,	315,	25
1756,	2080,	1226,	274,	316,	25
1757,	2142,	1209,	274,	317,	25
1758,	2293,	1171,	274,	318,	25
1759,	2396,	1129,	274,	319,	25
1760,	2431,	1059,	274,	320,	25
1761,	2532,	1033,	274,	321,	25
1762,	2684,	992,	274,	322,	25
1763,	2733,	951,	274,	323,	25
1764,	2842,	925,	274,	324,	25
1765,	2955,	912,	274,	325,	25
1766,	3027,	908,	274,	326,	25
1767,	3100,	908,	274,	327,	25
1768,	3222,	908,	274,	328,	25
1769,	3287,	908,	274,	329,	25
1770,	3329,	908,	274,	330,	25
1771,	3370,	911,	274,	331,	25
1772,	3476,	925,	274,	332,	25
1773,	3550,	956,	274,	333,	25
1774,	3591,	1004,	274,	334,	25
1775,	3617,	1045,	274,	335,	25
1776,	3631,	1100,	274,	336,	25
1777,	3632,	1159,	274,	337,	25
1778,	3632,	1206,	274,	338,	25
1779,	3637,	1227,	274,	339,	25
1780,	3635,	1308,	274,	340,	25
1781,	3632,	1381,	274,	341,	25
1782,	3632,	1480,	274,	342,	25
1783,	3629,	1515,	274,	343,	25
1784,	3615,	1605,	274,	344,	25
1785,	3593,	1710,	274,	345,	25
1786,	3566,	1795,	274,	346,	25
1787,	3521,	1822,	274,	347,	25
1788,	3459,	1917,	274,	348,	25
1789,	3384,	2050,	274,	349,	25
1790,	3333,	2119,	274,	350,	25
1791,	3327,	2217,	274,	351,	25
1792,	3302,	2339,	274,	352,	25
1793,	3268,	2412,	274,	353,	25
1794,	3227,	2443,	274,	354,	25
1795,	3168,	2529,	274,	355,	25
1796,	3097,	2656,	274,	356,	25
1797,	3041,	2722,	274,	357,	25
1798,	3026,	2751,	274,	358,	25
1799,	3008,	2839,	274,	359,	25
1800,	2966,	2907,	274,	360,	25
1801,	3163,	796,	274,	1,	30
1802,	3142,	785,	274,	2,	30
1803,	3120,	772,	274,	3,	30
1804,	3098,	754,	274,	4,	30
1805,	3078,	734,	274,	5,	30
1806,	3059,	711,	274,	6,	30
1807,	3044,	688,	274,	7,	30
1808,	3033,	667,	274,	8,	30
1809,	3027,	649,	274,	9,	30
1810,	3027,	634,	274,	10,	30
1811,	3023,	622,	274,	11,	30
1812,	3016,	611,	274,	12,	30
1813,	3005,	605,	274,	13,	30
1814,	2990,	603,	274,	14,	30
1815,	2971,	598,	274,	15,	30
1816,	2947,	590,	274,	16,	30
1817,	2923,	580,	274,	17,	30
1818,	2904,	566,	274,	18,	30
1819,	2889,	545,	274,	19,	30
1820,	2865,	515,	274,	20,	30
1821,	2835,	491,	274,	21,	30
1822,	2804,	478,	274,	22,	30
1823,	2775,	475,	274,	23,	30
1824,	2753,	452,	274,	24,	30
1825,	2737,	446,	274,	25,	30
1826,	2724,	440,	274,	26,	30
1827,	2723,	432,	274,	27,	30
1828,	2714,	419,	274,	28,	30
1829,	2696,	404,	274,	29,	30
1830,	2669,	385,	274,	30,	30
1831,	2632,	365,	274,	31,	30
1832,	2577,	347,	274,	32,	30
1833,	2540,	330,	274,	33,	30
1834,	2510,	317,	274,	34,	30
1835,	2482,	307,	274,	35,	30
1836,	2451,	303,	274,	36,	30
1837,	2427,	302,	274,	37,	30
1838,	2421,	300,	274,	38,	30
1839,	2415,	296,	274,	39,	30
1840,	2399,	291,	274,	40,	30
1841,	2376,	285,	274,	41,	30
1842,	2343,	277,	274,	42,	30
1843,	2312,	3935,	274,	43,	30
1844,	2272,	3933,	274,	44,	30
1845,	2221,	3901,	274,	45,	30
1846,	2174,	3845,	274,	46,	30
1847,	2139,	3799,	274,	47,	30
1848,	2119,	3739,	274,	48,	30
1849,	2112,	3667,	274,	49,	30
1850,	2090,	3631,	274,	50,	30
1851,	2056,	3632,	274,	51,	30
1852,	2015,	3624,	274,	52,	30
1853,	1966,	3608,	274,	53,	30
1854,	1929,	3594,	274,	54,	30
1855,	1898,	3578,	274,	55,	30
1856,	1868,	3559,	274,	56,	30
1857,	1838,	3536,	274,	57,	30
1858,	1819,	3511,	274,	58,	30
1859,	1816,	3485,	274,	59,	30
1860,	1811,	3457,	274,	60,	30
1861,	1801,	3428,	274,	61,	30
1862,	1786,	3401,	274,	62,	30
1863,	1767,	3377,	274,	63,	30
1864,	1746,	3357,	274,	64,	30
1865,	1723,	3343,	274,	65,	30
1866,	1697,	3334,	274,	66,	30
1867,	1683,	3330,	274,	67,	30
1868,	1661,	3330,	274,	68,	30
1869,	1636,	3330,	274,	69,	30
1870,	1608,	3329,	274,	70,	30
1871,	1582,	3328,	274,	71,	30
1872,	1559,	3327,	274,	72,	30
1873,	1541,	3326,	274,	73,	30
1874,	1527,	3325,	274,	74,	30
1875,	1517,	3325,	274,	75,	30
1876,	1513,	3325,	274,	76,	30
1877,	1511,	3326,	274,	77,	30
1878,	1506,	3327,	274,	78,	30
1879,	1499,	3328,	274,	79,	30
1880,	1491,	3329,	274,	80,	30
1881,	1480,	3330,	274,	81,	30
1882,	1468,	3330,	274,	82,	30
1883,	1454,	3330,	274,	83,	30
1884,	1437,	3335,	274,	84,	30
1885,	1419,	3349,	274,	85,	30
1886,	1400,	3371,	274,	86,	30
1887,	1383,	3403,	274,	87,	30
1888,	1373,	3441,	274,	88,	30
1889,	1366,	3481,	274,	89,	30
1890,	1356,	3520,	274,	90,	30
1891,	1343,	3555,	274,	91,	30
1892,	1328,	3584,	274,	92,	30
1893,	1312,	3607,	274,	93,	30
1894,	1296,	3629,	274,	94,	30
1895,	1279,	3632,	274,	95,	30
1896,	1264,	3723,	274,	96,	30
1897,	1250,	3815,	274,	97,	30
1898,	1238,	3906,	274,	98,	30
1899,	1228,	3935,	274,	99,	30
1900,	1221,	284,	274,	100,	30
1901,	1215,	294,	274,	101,	30
1902,	1212,	301,	274,	102,	30
1903,	1210,	302,	274,	103,	30
1904,	1210,	312,	274,	104,	30
1905,	1208,	332,	274,	105,	30
1906,	1203,	360,	274,	106,	30
1907,	1197,	392,	274,	107,	30
1908,	1190,	418,	274,	108,	30
1909,	1183,	436,	274,	109,	30
1910,	1176,	446,	274,	110,	30
1911,	1170,	465,	274,	111,	30
1912,	1164,	489,	274,	112,	30
1913,	1158,	502,	274,	113,	30
1914,	1154,	549,	274,	114,	30
1915,	1150,	576,	274,	115,	30
1916,	1146,	591,	274,	116,	30
1917,	1143,	601,	274,	117,	30
1918,	1139,	605,	274,	118,	30
1919,	1136,	618,	274,	119,	30
1920,	1134,	637,	274,	120,	30
1921,	1131,	662,	274,	121,	30
1922,	1130,	693,	274,	122,	30
1923,	1129,	729,	274,	123,	30
1924,	1129,	760,	274,	124,	30
1925,	1130,	784,	274,	125,	30
1926,	1132,	803,	274,	126,	30
1927,	1134,	829,	274,	127,	30
1928,	1137,	850,	274,	128,	30
1929,	1140,	867,	274,	129,	30
1930,	1143,	882,	274,	130,	30
1931,	1146,	893,	274,	131,	30
1932,	1150,	901,	274,	132,	30
1933,	1153,	906,	274,	133,	30
1934,	1158,	908,	274,	134,	30
1935,	1163,	909,	274,	135,	30
1936,	1168,	916,	274,	136,	30
1937,	1174,	929,	274,	137,	30
1938,	1181,	947,	274,	138,	30
1939,	1187,	969,	274,	139,	30
1940,	1194,	992,	274,	140,	30
1941,	1200,	1013,	274,	141,	30
1942,	1205,	1030,	274,	142,	30
1943,	1209,	1044,	274,	143,	30
1944,	1210,	1052,	274,	144,	30
1945,	1210,	1067,	274,	145,	30
1946,	1212,	1094,	274,	146,	30
1947,	1215,	1119,	274,	147,	30
1948,	1221,	1138,	274,	148,	30
1949,	1228,	1150,	274,	149,	30
1950,	1237,	1161,	274,	150,	30
1951,	1248,	1174,	274,	151,	30
1952,	1260,	1187,	274,	152,	30
1953,	1274,	1199,	274,	153,	30
1954,	1290,	1207,	274,	154,	30
1955,	1306,	1210,	274,	155,	30
1956,	1322,	1211,	274,	156,	30
1957,	1337,	1216,	274,	157,	30
1958,	1351,	1224,	274,	158,	30
1959,	1363,	1235,	274,	159,	30
1960,	1371,	1250,	274,	160,	30
1961,	1380,	1267,	274,	161,	30
1962,	1397,	1288,	274,	162,	30
1963,	1418,	1309,	274,	163,	30
1964,	1438,	1330,	274,	164,	30
1965,	1457,	1348,	274,	165,	30
1966,	1472,	1363,	274,	166,	30
1967,	1485,	1373,	274,	167,	30
1968,	1496,	1390,	274,	168,	30
1969,	1505,	1415,	274,	169,	30
1970,	1511,	1440,	274,	170,	30
1971,	1513,	1462,	274,	171,	30
1972,	1519,	1480,	274,	172,	30
1973,	1532,	1494,	274,	173,	30
1974,	1550,	1505,	274,	174,	30
1975,	1574,	1511,	274,	175,	30
1976,	1603,	1513,	274,	176,	30
1977,	1635,	1526,	274,	177,	30
1978,	1664,	1546,	274,	178,	30
1979,	1687,	1573,	274,	179,	30
1980,	1706,	1608,	274,	180,	30
1981,	1734,	1645,	274,	181,	30
1982,	1758,	1677,	274,	182,	30
1983,	1780,	1697,	274,	183,	30
1984,	1797,	1729,	274,	184,	30
1985,	1809,	1757,	274,	185,	30
1986,	1816,	1782,	274,	186,	30
1987,	1817,	1800,	274,	187,	30
1988,	1835,	1812,	274,	188,	30
1989,	1865,	1816,	274,	189,	30
1990,	1895,	1823,	274,	190,	30
1991,	1925,	1849,	274,	191,	30
1992,	1960,	1881,	274,	192,	30
1993,	2007,	1911,	274,	193,	30
1994,	2047,	1942,	274,	194,	30
1995,	2081,	1970,	274,	195,	30
1996,	2106,	2024,	274,	196,	30
1997,	2118,	2059,	274,	197,	30
1998,	2126,	2087,	274,	198,	30
1999,	2150,	2107,	274,	199,	30
2000,	2184,	2117,	274,	200,	30
2001,	2226,	2119,	274,	201,	30
2002,	2270,	2135,	274,	202,	30
2003,	2305,	2153,	274,	203,	30
2004,	2327,	2175,	274,	204,	30
2005,	2358,	2198,	274,	205,	30
2006,	2380,	2220,	274,	206,	30
2007,	2398,	2241,	274,	207,	30
2008,	2411,	2258,	274,	208,	30
2009,	2418,	2271,	274,	209,	30
2010,	2421,	2280,	274,	210,	30
2011,	2423,	2285,	274,	211,	30
2012,	2432,	2287,	274,	212,	30
2013,	2447,	2285,	274,	213,	30
2014,	2464,	2280,	274,	214,	30
2015,	2480,	2272,	274,	215,	30
2016,	2495,	2260,	274,	216,	30
2017,	2508,	2245,	274,	217,	30
2018,	2521,	2227,	274,	218,	30
2019,	2533,	2207,	274,	219,	30
2020,	2547,	2186,	274,	220,	30
2021,	2561,	2166,	274,	221,	30
2022,	2576,	2147,	274,	222,	30
2023,	2602,	2132,	274,	223,	30
2024,	2612,	2119,	274,	224,	30
2025,	2634,	2118,	274,	225,	30
2026,	2647,	2110,	274,	226,	30
2027,	2659,	2096,	274,	227,	30
2028,	2671,	2076,	274,	228,	30
2029,	2681,	2052,	274,	229,	30
2030,	2690,	2024,	274,	230,	30
2031,	2698,	1993,	274,	231,	30
2032,	2705,	1959,	274,	232,	30
2033,	2712,	1934,	274,	233,	30
2034,	2717,	1912,	274,	234,	30
2035,	2721,	1892,	274,	235,	30
2036,	2724,	1872,	274,	236,	30
2037,	2724,	1852,	274,	237,	30
2038,	2725,	1835,	274,	238,	30
2039,	2733,	1823,	274,	239,	30
2040,	2740,	1817,	274,	240,	30
2041,	2750,	1816,	274,	241,	30
2042,	2764,	1815,	274,	242,	30
2043,	2782,	1814,	274,	243,	30
2044,	2806,	1811,	274,	244,	30
2045,	2833,	1808,	274,	245,	30
2046,	2861,	1805,	274,	246,	30
2047,	2885,	1802,	274,	247,	30
2048,	2902,	1799,	274,	248,	30
2049,	2921,	1796,	274,	249,	30
2050,	2950,	1794,	274,	250,	30
2051,	2977,	1792,	274,	251,	30
2052,	2999,	1790,	274,	252,	30
2053,	3015,	1788,	274,	253,	30
2054,	3025,	1787,	274,	254,	30
2055,	3027,	1786,	274,	255,	30
2056,	3034,	1785,	274,	256,	30
2057,	3054,	1784,	274,	257,	30
2058,	3082,	1783,	274,	258,	30
2059,	3115,	1782,	274,	259,	30
2060,	3149,	1781,	274,	260,	30
2061,	3180,	1780,	274,	261,	30
2062,	3208,	1778,	274,	262,	30
2063,	3232,	1777,	274,	263,	30
2064,	3251,	1775,	274,	264,	30
2065,	3266,	1772,	274,	265,	30
2066,	3276,	1769,	274,	266,	30
2067,	3290,	1765,	274,	267,	30
2068,	3304,	1760,	274,	268,	30
2069,	3315,	1755,	274,	269,	30
2070,	3323,	1748,	274,	270,	30
2071,	3327,	1740,	274,	271,	30
2072,	3329,	1731,	274,	272,	30
2073,	3330,	1719,	274,	273,	30
2074,	3330,	1706,	274,	274,	30
2075,	3331,	1695,	274,	275,	30
2076,	3334,	1686,	274,	276,	30
2077,	3339,	1673,	274,	277,	30
2078,	3343,	1656,	274,	278,	30
2079,	3347,	1635,	274,	279,	30
2080,	3351,	1612,	274,	280,	30
2081,	3354,	1588,	274,	281,	30
2082,	3356,	1566,	274,	282,	30
2083,	3357,	1547,	274,	283,	30
2084,	3357,	1531,	274,	284,	30
2085,	3356,	1519,	274,	285,	30
2086,	3355,	1513,	274,	286,	30
2087,	3354,	1510,	274,	287,	30
2088,	3351,	1504,	274,	288,	30
2089,	3349,	1494,	274,	289,	30
2090,	3347,	1481,	274,	290,	30
2091,	3344,	1464,	274,	291,	30
2092,	3342,	1442,	274,	292,	30
2093,	3339,	1417,	274,	293,	30
2094,	3337,	1390,	274,	294,	30
2095,	3336,	1373,	274,	295,	30
2096,	3334,	1362,	274,	296,	30
2097,	3333,	1346,	274,	297,	30
2098,	3332,	1326,	274,	298,	30
2099,	3332,	1304,	274,	299,	30
2100,	3331,	1282,	274,	300,	30
2101,	3331,	1262,	274,	301,	30
2102,	3331,	1245,	274,	302,	30
2103,	3332,	1231,	274,	303,	30
2104,	3332,	1221,	274,	304,	30
2105,	3333,	1215,	274,	305,	30
2106,	3334,	1210,	274,	306,	30
2107,	3336,	1210,	274,	307,	30
2108,	3338,	1208,	274,	308,	30
2109,	3341,	1202,	274,	309,	30
2110,	3344,	1195,	274,	310,	30
2111,	3348,	1186,	274,	311,	30
2112,	3352,	1176,	274,	312,	30
2113,	3357,	1167,	274,	313,	30
2114,	3362,	1158,	274,	314,	30
2115,	3368,	1151,	274,	315,	30
2116,	3374,	1144,	274,	316,	30
2117,	3380,	1135,	274,	317,	30
2118,	3386,	1123,	274,	318,	30
2119,	3391,	1110,	274,	319,	30
2120,	3397,	1096,	274,	320,	30
2121,	3403,	1081,	274,	321,	30
2122,	3407,	1066,	274,	322,	30
2123,	3412,	1056,	274,	323,	30
2124,	3415,	1052,	274,	324,	30
2125,	3418,	1048,	274,	325,	30
2126,	3420,	1043,	274,	326,	30
2127,	3421,	1037,	274,	327,	30
2128,	3421,	1030,	274,	328,	30
2129,	3420,	1023,	274,	329,	30
2130,	3418,	1014,	274,	330,	30
2131,	3414,	1005,	274,	331,	30
2132,	3409,	996,	274,	332,	30
2133,	3403,	986,	274,	333,	30
2134,	3396,	975,	274,	334,	30
2135,	3388,	965,	274,	335,	30
2136,	3379,	955,	274,	336,	30
2137,	3369,	946,	274,	337,	30
2138,	3360,	938,	274,	338,	30
2139,	3350,	930,	274,	339,	30
2140,	3342,	923,	274,	340,	30
2141,	3335,	918,	274,	341,	30
2142,	3331,	913,	274,	342,	30
2143,	3330,	910,	274,	343,	30
2144,	3330,	908,	274,	344,	30
2145,	3329,	908,	274,	345,	30
2146,	3327,	908,	274,	346,	30
2147,	3324,	907,	274,	347,	30
2148,	3319,	906,	274,	348,	30
2149,	3312,	903,	274,	349,	30
2150,	3303,	900,	274,	350,	30
2151,	3293,	896,	274,	351,	30
2152,	3280,	891,	274,	352,	30
2153,	3274,	886,	274,	353,	30
2154,	3267,	879,	274,	354,	30
2155,	3257,	871,	274,	355,	30
2156,	3246,	862,	274,	356,	30
2157,	3232,	852,	274,	357,	30
2158,	3217,	841,	274,	358,	30
2159,	3201,	827,	274,	359,	30
2160,	3182,	811,	274,	360,	30
