1,	3329,	1224,	274,	1,	0
2,	3329,	1226,	274,	2,	0
3,	3328,	1229,	274,	3,	0
4,	3328,	1232,	274,	4,	0
5,	3327,	1236,	274,	5,	0
6,	3325,	1241,	274,	6,	0
7,	3323,	1245,	274,	7,	0
8,	3320,	1251,	274,	8,	0
9,	3317,	1257,	274,	9,	0
10,	3313,	1264,	274,	10,	0
11,	3308,	1271,	274,	11,	0
12,	3301,	1279,	274,	12,	0
13,	3295,	1288,	274,	13,	0
14,	3286,	1298,	274,	14,	0
15,	3278,	1308,	274,	15,	0
16,	3274,	1318,	274,	16,	0
17,	3268,	1329,	274,	17,	0
18,	3262,	1339,	274,	18,	0
19,	3253,	1348,	274,	19,	0
20,	3244,	1357,	274,	20,	0
21,	3233,	1365,	274,	21,	0
22,	3221,	1371,	274,	22,	0
23,	3207,	1378,	274,	23,	0
24,	3193,	1390,	274,	24,	0
25,	3177,	1406,	274,	25,	0
26,	3160,	1424,	274,	26,	0
27,	3142,	1441,	274,	27,	0
28,	3123,	1457,	274,	28,	0
29,	3105,	1471,	274,	29,	0
30,	3087,	1483,	274,	30,	0
31,	3070,	1493,	274,	31,	0
32,	3056,	1502,	274,	32,	0
33,	3043,	1509,	274,	33,	0
34,	3034,	1512,	274,	34,	0
35,	3028,	1513,	274,	35,	0
36,	3027,	1524,	274,	36,	0
37,	3026,	1539,	274,	37,	0
38,	3024,	1559,	274,	38,	0
39,	3019,	1584,	274,	39,	0
40,	3013,	1614,	274,	40,	0
41,	3005,	1645,	274,	41,	0
42,	2996,	1673,	274,	42,	0
43,	2985,	1693,	274,	43,	0
44,	2973,	1716,	274,	44,	0
45,	2960,	1742,	274,	45,	0
46,	2947,	1766,	274,	46,	0
47,	2933,	1787,	274,	47,	0
48,	2921,	1803,	274,	48,	0
49,	2911,	1813,	274,	49,	0
50,	2903,	1816,	274,	50,	0
51,	2897,	1824,	274,	51,	0
52,	2890,	1851,	274,	52,	0
53,	2882,	1884,	274,	53,	0
54,	2872,	1916,	274,	54,	0
55,	2862,	1952,	274,	55,	0
56,	2851,	2002,	274,	56,	0
57,	2840,	2048,	274,	57,	0
58,	2830,	2085,	274,	58,	0
59,	2819,	2111,	274,	59,	0
60,	2809,	2119,	274,	60,	0
61,	2800,	2141,	274,	61,	0
62,	2791,	2181,	274,	62,	0
63,	2783,	2234,	274,	63,	0
64,	2776,	2287,	274,	64,	0
65,	2770,	2322,	274,	65,	0
66,	2764,	2363,	274,	66,	0
67,	2759,	2393,	274,	67,	0
68,	2754,	2413,	274,	68,	0
69,	2750,	2421,	274,	69,	0
70,	2747,	2430,	274,	70,	0
71,	2743,	2461,	274,	71,	0
72,	2741,	2498,	274,	72,	0
73,	2738,	2533,	274,	73,	0
74,	2736,	2579,	274,	74,	0
75,	2734,	2647,	274,	75,	0
76,	2732,	2690,	274,	76,	0
77,	2730,	2716,	274,	77,	0
78,	2729,	2724,	274,	78,	0
79,	2724,	2739,	274,	79,	0
80,	2724,	2768,	274,	80,	0
81,	2724,	2814,	274,	81,	0
82,	2724,	2866,	274,	82,	0
83,	2724,	2900,	274,	83,	0
84,	2724,	2937,	274,	84,	0
85,	2724,	2980,	274,	85,	0
86,	2724,	3010,	274,	86,	0
87,	2723,	3025,	274,	87,	0
88,	2723,	3028,	274,	88,	0
89,	2722,	3050,	274,	89,	0
90,	2721,	3087,	274,	90,	0
91,	2721,	3130,	274,	91,	0
92,	2720,	3172,	274,	92,	0
93,	2719,	3208,	274,	93,	0
94,	2718,	3237,	274,	94,	0
95,	2716,	3259,	274,	95,	0
96,	2715,	3274,	274,	96,	0
97,	2713,	3291,	274,	97,	0
98,	2712,	3308,	274,	98,	0
99,	2710,	3321,	274,	99,	0
100,	2708,	3328,	274,	100,	0
101,	2705,	3330,	274,	101,	0
102,	2703,	3330,	274,	102,	0
103,	2699,	3338,	274,	103,	0
104,	2696,	3353,	274,	104,	0
105,	2692,	3372,	274,	105,	0
106,	2687,	3392,	274,	106,	0
107,	2681,	3411,	274,	107,	0
108,	2675,	3429,	274,	108,	0
109,	2668,	3444,	274,	109,	0
110,	2659,	3456,	274,	110,	0
111,	2649,	3466,	274,	111,	0
112,	2639,	3473,	274,	112,	0
113,	2626,	3478,	274,	113,	0
114,	2625,	3481,	274,	114,	0
115,	2586,	3481,	274,	115,	0
116,	2570,	3479,	274,	116,	0
117,	2556,	3475,	274,	117,	0
118,	2542,	3469,	274,	118,	0
119,	2529,	3460,	274,	119,	0
120,	2516,	3448,	274,	120,	0
121,	2503,	3434,	274,	121,	0
122,	2489,	3417,	274,	122,	0
123,	2474,	3398,	274,	123,	0
124,	2457,	3378,	274,	124,	0
125,	2441,	3359,	274,	125,	0
126,	2428,	3342,	274,	126,	0
127,	2422,	3332,	274,	127,	0
128,	2421,	3330,	274,	128,	0
129,	2417,	3329,	274,	129,	0
130,	2408,	3323,	274,	130,	0
131,	2394,	3312,	274,	131,	0
132,	2376,	3296,	274,	132,	0
133,	2352,	3277,	274,	133,	0
134,	2322,	3264,	274,	134,	0
135,	2298,	3244,	274,	135,	0
136,	2259,	3217,	274,	136,	0
137,	2212,	3183,	274,	137,	0
138,	2170,	3143,	274,	138,	0
139,	2137,	3099,	274,	139,	0
140,	2119,	3059,	274,	140,	0
141,	2110,	3032,	274,	141,	0
142,	2085,	3027,	274,	142,	0
143,	2045,	3016,	274,	143,	0
144,	1996,	2991,	274,	144,	0
145,	1943,	2952,	274,	145,	0
146,	1905,	2910,	274,	146,	0
147,	1867,	2881,	274,	147,	0
148,	1829,	2834,	274,	148,	0
149,	1816,	2784,	274,	149,	0
150,	1810,	2749,	274,	150,	0
151,	1792,	2729,	274,	151,	0
152,	1763,	2722,	274,	152,	0
153,	1726,	2705,	274,	153,	0
154,	1689,	2671,	274,	154,	0
155,	1650,	2618,	274,	155,	0
156,	1596,	2557,	274,	156,	0
157,	1549,	2518,	274,	157,	0
158,	1520,	2484,	274,	158,	0
159,	1511,	2448,	274,	159,	0
160,	1496,	2424,	274,	160,	0
161,	1469,	2420,	274,	161,	0
162,	1428,	2408,	274,	162,	0
163,	1381,	2386,	274,	163,	0
164,	1358,	2354,	274,	164,	0
165,	1322,	2317,	274,	165,	0
166,	1279,	2278,	274,	166,	0
167,	1243,	2225,	274,	167,	0
168,	1220,	2175,	274,	168,	0
169,	1210,	2138,	274,	169,	0
170,	1205,	2119,	274,	170,	0
171,	1185,	2110,	274,	171,	0
172,	1163,	2085,	274,	172,	0
173,	1144,	2049,	274,	173,	0
174,	1116,	2005,	274,	174,	0
175,	1078,	1956,	274,	175,	0
176,	1052,	1920,	274,	176,	0
177,	1041,	1889,	274,	177,	0
178,	1023,	1858,	274,	178,	0
179,	1001,	1829,	274,	179,	0
180,	979,	1816,	274,	180,	0
181,	957,	1815,	274,	181,	0
182,	940,	1807,	274,	182,	0
183,	927,	1793,	274,	183,	0
184,	918,	1775,	274,	184,	0
185,	912,	1753,	274,	185,	0
186,	909,	1729,	274,	186,	0
187,	908,	1700,	274,	187,	0
188,	908,	1684,	274,	188,	0
189,	908,	1660,	274,	189,	0
190,	907,	1631,	274,	190,	0
191,	906,	1599,	274,	191,	0
192,	905,	1571,	274,	192,	0
193,	904,	1547,	274,	193,	0
194,	904,	1530,	274,	194,	0
195,	903,	1518,	274,	195,	0
196,	902,	1513,	274,	196,	0
197,	902,	1510,	274,	197,	0
198,	901,	1503,	274,	198,	0
199,	901,	1493,	274,	199,	0
200,	901,	1481,	274,	200,	0
201,	902,	1466,	274,	201,	0
202,	902,	1448,	274,	202,	0
203,	902,	1427,	274,	203,	0
204,	903,	1405,	274,	204,	0
205,	903,	1384,	274,	205,	0
206,	904,	1373,	274,	206,	0
207,	904,	1364,	274,	207,	0
208,	905,	1352,	274,	208,	0
209,	905,	1337,	274,	209,	0
210,	906,	1320,	274,	210,	0
211,	906,	1302,	274,	211,	0
212,	907,	1284,	274,	212,	0
213,	907,	1267,	274,	213,	0
214,	907,	1253,	274,	214,	0
215,	907,	1240,	274,	215,	0
216,	907,	1229,	274,	216,	0
217,	908,	1221,	274,	217,	0
218,	908,	1215,	274,	218,	0
219,	908,	1212,	274,	219,	0
220,	908,	1210,	274,	220,	0
221,	908,	1210,	274,	221,	0
222,	908,	1206,	274,	222,	0
223,	908,	1199,	274,	223,	0
224,	908,	1191,	274,	224,	0
225,	907,	1182,	274,	225,	0
226,	907,	1172,	274,	226,	0
227,	907,	1163,	274,	227,	0
228,	906,	1155,	274,	228,	0
229,	906,	1147,	274,	229,	0
230,	905,	1138,	274,	230,	0
231,	903,	1125,	274,	231,	0
232,	902,	1110,	274,	232,	0
233,	899,	1093,	274,	233,	0
234,	897,	1075,	274,	234,	0
235,	894,	1060,	274,	235,	0
236,	891,	1052,	274,	236,	0
237,	887,	1048,	274,	237,	0
238,	883,	1042,	274,	238,	0
239,	878,	1034,	274,	239,	0
240,	873,	1025,	274,	240,	0
241,	868,	1015,	274,	241,	0
242,	863,	1005,	274,	242,	0
243,	857,	993,	274,	243,	0
244,	852,	982,	274,	244,	0
245,	846,	971,	274,	245,	0
246,	840,	960,	274,	246,	0
247,	835,	950,	274,	247,	0
248,	829,	942,	274,	248,	0
249,	823,	934,	274,	249,	0
250,	818,	927,	274,	250,	0
251,	813,	922,	274,	251,	0
252,	808,	918,	274,	252,	0
253,	805,	914,	274,	253,	0
254,	803,	911,	274,	254,	0
255,	801,	909,	274,	255,	0
256,	801,	908,	274,	256,	0
257,	801,	908,	274,	257,	0
258,	802,	908,	274,	258,	0
259,	805,	908,	274,	259,	0
260,	808,	908,	274,	260,	0
261,	813,	908,	274,	261,	0
262,	820,	907,	274,	262,	0
263,	827,	907,	274,	263,	0
264,	835,	907,	274,	264,	0
265,	844,	906,	274,	265,	0
266,	852,	906,	274,	266,	0
267,	862,	906,	274,	267,	0
268,	871,	906,	274,	268,	0
269,	881,	906,	274,	269,	0
270,	890,	906,	274,	270,	0
271,	898,	906,	274,	271,	0
272,	904,	906,	274,	272,	0
273,	907,	906,	274,	273,	0
274,	908,	907,	274,	274,	0
275,	916,	907,	274,	275,	0
276,	936,	907,	274,	276,	0
277,	966,	907,	274,	277,	0
278,	1003,	908,	274,	278,	0
279,	1034,	908,	274,	279,	0
280,	1053,	908,	274,	280,	0
281,	1098,	908,	274,	281,	0
282,	1142,	908,	274,	282,	0
283,	1169,	909,	274,	283,	0
284,	1198,	910,	274,	284,	0
285,	1210,	912,	274,	285,	0
286,	1224,	915,	274,	286,	0
287,	1261,	919,	274,	287,	0
288,	1315,	924,	274,	288,	0
289,	1361,	929,	274,	289,	0
290,	1398,	935,	274,	290,	0
291,	1458,	943,	274,	291,	0
292,	1495,	951,	274,	292,	0
293,	1513,	960,	274,	293,	0
294,	1533,	969,	274,	294,	0
295,	1587,	979,	274,	295,	0
296,	1655,	990,	274,	296,	0
297,	1699,	1000,	274,	297,	0
298,	1754,	1009,	274,	298,	0
299,	1793,	1018,	274,	299,	0
300,	1814,	1026,	274,	300,	0
301,	1822,	1034,	274,	301,	0
302,	1870,	1040,	274,	302,	0
303,	1921,	1046,	274,	303,	0
304,	1988,	1050,	274,	304,	0
305,	2057,	1052,	274,	305,	0
306,	2105,	1058,	274,	306,	0
307,	2119,	1069,	274,	307,	0
308,	2162,	1082,	274,	308,	0
309,	2231,	1094,	274,	309,	0
310,	2301,	1106,	274,	310,	0
311,	2349,	1117,	274,	311,	0
312,	2391,	1126,	274,	312,	0
313,	2416,	1134,	274,	313,	0
314,	2422,	1141,	274,	314,	0
315,	2449,	1146,	274,	315,	0
316,	2492,	1150,	274,	316,	0
317,	2533,	1154,	274,	317,	0
318,	2588,	1158,	274,	318,	0
319,	2658,	1162,	274,	319,	0
320,	2699,	1166,	274,	320,	0
321,	2721,	1170,	274,	321,	0
322,	2728,	1174,	274,	322,	0
323,	2748,	1178,	274,	323,	0
324,	2783,	1181,	274,	324,	0
325,	2833,	1185,	274,	325,	0
326,	2879,	1188,	274,	326,	0
327,	2906,	1190,	274,	327,	0
328,	2943,	1193,	274,	328,	0
329,	2980,	1195,	274,	329,	0
330,	3007,	1197,	274,	330,	0
331,	3022,	1199,	274,	331,	0
332,	3027,	1201,	274,	332,	0
333,	3034,	1203,	274,	333,	0
334,	3056,	1204,	274,	334,	0
335,	3086,	1205,	274,	335,	0
336,	3119,	1206,	274,	336,	0
337,	3151,	1207,	274,	337,	0
338,	3180,	1208,	274,	338,	0
339,	3205,	1209,	274,	339,	0
340,	3226,	1209,	274,	340,	0
341,	3243,	1210,	274,	341,	0
342,	3257,	1210,	274,	342,	0
343,	3268,	1210,	274,	343,	0
344,	3275,	1210,	274,	344,	0
345,	3283,	1210,	274,	345,	0
346,	3295,	1210,	274,	346,	0
347,	3303,	1210,	274,	347,	0
348,	3310,	1210,	274,	348,	0
349,	3316,	1210,	274,	349,	0
350,	3320,	1210,	274,	350,	0
351,	3323,	1211,	274,	351,	0
352,	3326,	1212,	274,	352,	0
353,	3327,	1212,	274,	353,	0
354,	3328,	1213,	274,	354,	0
355,	3329,	1214,	274,	355,	0
356,	3329,	1215,	274,	356,	0
357,	3329,	1216,	274,	357,	0
358,	3329,	1218,	274,	358,	0
359,	3329,	1219,	274,	359,	0
360,	3329,	1221,	274,	360,	0
361,	1607,	1741,	274,	1,	20
362,	1600,	1735,	274,	2,	20
363,	1594,	1729,	274,	3,	20
364,	1588,	1723,	274,	4,	20
365,	1583,	1716,	274,	5,	20
366,	1579,	1710,	274,	6,	20
367,	1575,	1704,	274,	7,	20
368,	1572,	1698,	274,	8,	20
369,	1570,	1695,	274,	9,	20
370,	1568,	1692,	274,	10,	20
371,	1566,	1689,	274,	11,	20
372,	1565,	1686,	274,	12,	20
373,	1564,	1682,	274,	13,	20
374,	1564,	1678,	274,	14,	20
375,	1564,	1673,	274,	15,	20
376,	1564,	1669,	274,	16,	20
377,	1565,	1664,	274,	17,	20
378,	1566,	1659,	274,	18,	20
379,	1568,	1655,	274,	19,	20
380,	1570,	1650,	274,	20,	20
381,	1572,	1645,	274,	21,	20
382,	1574,	1640,	274,	22,	20
383,	1577,	1635,	274,	23,	20
384,	1581,	1630,	274,	24,	20
385,	1584,	1625,	274,	25,	20
386,	1588,	1620,	274,	26,	20
387,	1592,	1615,	274,	27,	20
388,	1597,	1611,	274,	28,	20
389,	1602,	1606,	274,	29,	20
390,	1608,	1601,	274,	30,	20
391,	1613,	1597,	274,	31,	20
392,	1619,	1592,	274,	32,	20
393,	1625,	1588,	274,	33,	20
394,	1632,	1584,	274,	34,	20
395,	1638,	1580,	274,	35,	20
396,	1644,	1576,	274,	36,	20
397,	1650,	1572,	274,	37,	20
398,	1656,	1569,	274,	38,	20
399,	1662,	1565,	274,	39,	20
400,	1668,	1562,	274,	40,	20
401,	1673,	1558,	274,	41,	20
402,	1679,	1555,	274,	42,	20
403,	1683,	1552,	274,	43,	20
404,	1688,	1549,	274,	44,	20
405,	1691,	1546,	274,	45,	20
406,	1695,	1543,	274,	46,	20
407,	1697,	1540,	274,	47,	20
408,	1703,	1537,	274,	48,	20
409,	1710,	1535,	274,	49,	20
410,	1716,	1532,	274,	50,	20
411,	1722,	1530,	274,	51,	20
412,	1728,	1528,	274,	52,	20
413,	1734,	1525,	274,	53,	20
414,	1739,	1523,	274,	54,	20
415,	1744,	1522,	274,	55,	20
416,	1749,	1520,	274,	56,	20
417,	1754,	1518,	274,	57,	20
418,	1759,	1517,	274,	58,	20
419,	1764,	1516,	274,	59,	20
420,	1768,	1513,	274,	60,	20
421,	1772,	1513,	274,	61,	20
422,	1776,	1513,	274,	62,	20
423,	1780,	1513,	274,	63,	20
424,	1784,	1513,	274,	64,	20
425,	1787,	1513,	274,	65,	20
426,	1791,	1512,	274,	66,	20
427,	1794,	1512,	274,	67,	20
428,	1797,	1511,	274,	68,	20
429,	1799,	1511,	274,	69,	20
430,	1802,	1510,	274,	70,	20
431,	1804,	1509,	274,	71,	20
432,	1806,	1508,	274,	72,	20
433,	1808,	1508,	274,	73,	20
434,	1810,	1507,	274,	74,	20
435,	1811,	1506,	274,	75,	20
436,	1812,	1505,	274,	76,	20
437,	1813,	1504,	274,	77,	20
438,	1814,	1503,	274,	78,	20
439,	1815,	1502,	274,	79,	20
440,	1815,	1501,	274,	80,	20
441,	1816,	1500,	274,	81,	20
442,	1816,	1499,	274,	82,	20
443,	1816,	1498,	274,	83,	20
444,	1816,	1497,	274,	84,	20
445,	1816,	1496,	274,	85,	20
446,	1816,	1495,	274,	86,	20
447,	1817,	1494,	274,	87,	20
448,	1818,	1494,	274,	88,	20
449,	1819,	1493,	274,	89,	20
450,	1821,	1492,	274,	90,	20
451,	1823,	1492,	274,	91,	20
452,	1825,	1491,	274,	92,	20
453,	1827,	1491,	274,	93,	20
454,	1829,	1490,	274,	94,	20
455,	1831,	1490,	274,	95,	20
456,	1834,	1490,	274,	96,	20
457,	1836,	1490,	274,	97,	20
458,	1838,	1489,	274,	98,	20
459,	1841,	1489,	274,	99,	20
460,	1843,	1490,	274,	100,	20
461,	1845,	1490,	274,	101,	20
462,	1848,	1490,	274,	102,	20
463,	1850,	1490,	274,	103,	20
464,	1852,	1491,	274,	104,	20
465,	1855,	1491,	274,	105,	20
466,	1857,	1492,	274,	106,	20
467,	1859,	1492,	274,	107,	20
468,	1861,	1493,	274,	108,	20
469,	1863,	1494,	274,	109,	20
470,	1866,	1494,	274,	110,	20
471,	1868,	1495,	274,	111,	20
472,	1870,	1496,	274,	112,	20
473,	1872,	1497,	274,	113,	20
474,	1874,	1498,	274,	114,	20
475,	1876,	1499,	274,	115,	20
476,	1878,	1500,	274,	116,	20
477,	1880,	1501,	274,	117,	20
478,	1883,	1502,	274,	118,	20
479,	1885,	1503,	274,	119,	20
480,	1887,	1504,	274,	120,	20
481,	1889,	1506,	274,	121,	20
482,	1891,	1507,	274,	122,	20
483,	1893,	1508,	274,	123,	20
484,	1895,	1509,	274,	124,	20
485,	1898,	1510,	274,	125,	20
486,	1900,	1510,	274,	126,	20
487,	1902,	1511,	274,	127,	20
488,	1905,	1512,	274,	128,	20
489,	1908,	1512,	274,	129,	20
490,	1910,	1513,	274,	130,	20
491,	1913,	1513,	274,	131,	20
492,	1916,	1513,	274,	132,	20
493,	1919,	1513,	274,	133,	20
494,	1922,	1516,	274,	134,	20
495,	1925,	1518,	274,	135,	20
496,	1929,	1520,	274,	136,	20
497,	1932,	1522,	274,	137,	20
498,	1936,	1525,	274,	138,	20
499,	1941,	1529,	274,	139,	20
500,	1945,	1533,	274,	140,	20
501,	1950,	1537,	274,	141,	20
502,	1955,	1541,	274,	142,	20
503,	1960,	1547,	274,	143,	20
504,	1966,	1552,	274,	144,	20
505,	1982,	1558,	274,	145,	20
506,	1966,	1564,	274,	146,	20
507,	1987,	1571,	274,	147,	20
508,	1994,	1578,	274,	148,	20
509,	2001,	1586,	274,	149,	20
510,	2008,	1593,	274,	150,	20
511,	2014,	1602,	274,	151,	20
512,	2021,	1610,	274,	152,	20
513,	2028,	1619,	274,	153,	20
514,	2034,	1627,	274,	154,	20
515,	2041,	1635,	274,	155,	20
516,	2047,	1643,	274,	156,	20
517,	2053,	1651,	274,	157,	20
518,	2059,	1658,	274,	158,	20
519,	2065,	1665,	274,	159,	20
520,	2071,	1672,	274,	160,	20
521,	2077,	1678,	274,	161,	20
522,	2082,	1683,	274,	162,	20
523,	2087,	1688,	274,	163,	20
524,	2092,	1692,	274,	164,	20
525,	2096,	1695,	274,	165,	20
526,	2101,	1698,	274,	166,	20
527,	2104,	1705,	274,	167,	20
528,	2108,	1711,	274,	168,	20
529,	2111,	1718,	274,	169,	20
530,	2113,	1724,	274,	170,	20
531,	2115,	1729,	274,	171,	20
532,	2117,	1734,	274,	172,	20
533,	2118,	1739,	274,	173,	20
534,	2119,	1744,	274,	174,	20
535,	2119,	1749,	274,	175,	20
536,	2119,	1753,	274,	176,	20
537,	2122,	1757,	274,	177,	20
538,	2125,	1761,	274,	178,	20
539,	2128,	1765,	274,	179,	20
540,	2132,	1768,	274,	180,	20
541,	2136,	1771,	274,	181,	20
542,	2140,	1774,	274,	182,	20
543,	2145,	1777,	274,	183,	20
544,	2150,	1779,	274,	184,	20
545,	2155,	1782,	274,	185,	20
546,	2161,	1784,	274,	186,	20
547,	2167,	1786,	274,	187,	20
548,	2172,	1788,	274,	188,	20
549,	2178,	1790,	274,	189,	20
550,	2185,	1791,	274,	190,	20
551,	2191,	1793,	274,	191,	20
552,	2197,	1794,	274,	192,	20
553,	2203,	1796,	274,	193,	20
554,	2210,	1797,	274,	194,	20
555,	2216,	1798,	274,	195,	20
556,	2222,	1800,	274,	196,	20
557,	2228,	1801,	274,	197,	20
558,	2234,	1802,	274,	198,	20
559,	2240,	1803,	274,	199,	20
560,	2245,	1804,	274,	200,	20
561,	2250,	1805,	274,	201,	20
562,	2255,	1805,	274,	202,	20
563,	2259,	1806,	274,	203,	20
564,	2263,	1807,	274,	204,	20
565,	2267,	1808,	274,	205,	20
566,	2270,	1809,	274,	206,	20
567,	2273,	1809,	274,	207,	20
568,	2276,	1810,	274,	208,	20
569,	2278,	1811,	274,	209,	20
570,	2280,	1812,	274,	210,	20
571,	2282,	1812,	274,	211,	20
572,	2283,	1813,	274,	212,	20
573,	2284,	1813,	274,	213,	20
574,	2285,	1814,	274,	214,	20
575,	2285,	1814,	274,	215,	20
576,	2285,	1815,	274,	216,	20
577,	2285,	1815,	274,	217,	20
578,	2284,	1816,	274,	218,	20
579,	2283,	1816,	274,	219,	20
580,	2281,	1816,	274,	220,	20
581,	2279,	1816,	274,	221,	20
582,	2277,	1816,	274,	222,	20
583,	2274,	1816,	274,	223,	20
584,	2270,	1816,	274,	224,	20
585,	2266,	1817,	274,	225,	20
586,	2262,	1818,	274,	226,	20
587,	2257,	1820,	274,	227,	20
588,	2251,	1823,	274,	228,	20
589,	2245,	1826,	274,	229,	20
590,	2238,	1830,	274,	230,	20
591,	2231,	1834,	274,	231,	20
592,	2223,	1839,	274,	232,	20
593,	2215,	1844,	274,	233,	20
594,	2207,	1850,	274,	234,	20
595,	2199,	1857,	274,	235,	20
596,	2191,	1863,	274,	236,	20
597,	2183,	1870,	274,	237,	20
598,	2175,	1876,	274,	238,	20
599,	2168,	1883,	274,	239,	20
600,	2160,	1889,	274,	240,	20
601,	2153,	1896,	274,	241,	20
602,	2147,	1902,	274,	242,	20
603,	2140,	1908,	274,	243,	20
604,	2135,	1915,	274,	244,	20
605,	2130,	1922,	274,	245,	20
606,	2125,	1929,	274,	246,	20
607,	2122,	1936,	274,	247,	20
608,	2119,	1944,	274,	248,	20
609,	2119,	1952,	274,	249,	20
610,	2118,	1960,	274,	250,	20
611,	2116,	1971,	274,	251,	20
612,	2114,	1965,	274,	252,	20
613,	2111,	1991,	274,	253,	20
614,	2108,	2001,	274,	254,	20
615,	2104,	2010,	274,	255,	20
616,	2099,	2018,	274,	256,	20
617,	2094,	2027,	274,	257,	20
618,	2089,	2035,	274,	258,	20
619,	2083,	2042,	274,	259,	20
620,	2078,	2049,	274,	260,	20
621,	2072,	2056,	274,	261,	20
622,	2066,	2062,	274,	262,	20
623,	2059,	2068,	274,	263,	20
624,	2053,	2074,	274,	264,	20
625,	2047,	2079,	274,	265,	20
626,	2042,	2084,	274,	266,	20
627,	2036,	2088,	274,	267,	20
628,	2031,	2091,	274,	268,	20
629,	2026,	2095,	274,	269,	20
630,	2021,	2098,	274,	270,	20
631,	2017,	2100,	274,	271,	20
632,	2013,	2103,	274,	272,	20
633,	2009,	2105,	274,	273,	20
634,	2006,	2106,	274,	274,	20
635,	2004,	2108,	274,	275,	20
636,	2001,	2109,	274,	276,	20
637,	2000,	2110,	274,	277,	20
638,	1998,	2111,	274,	278,	20
639,	1997,	2112,	274,	279,	20
640,	1996,	2112,	274,	280,	20
641,	1995,	2113,	274,	281,	20
642,	1994,	2113,	274,	282,	20
643,	1994,	2113,	274,	283,	20
644,	1994,	2113,	274,	284,	20
645,	1994,	2113,	274,	285,	20
646,	1994,	2113,	274,	286,	20
647,	1994,	2113,	274,	287,	20
648,	1994,	2113,	274,	288,	20
649,	1995,	2112,	274,	289,	20
650,	1995,	2112,	274,	290,	20
651,	1995,	2111,	274,	291,	20
652,	1996,	2110,	274,	292,	20
653,	1996,	2109,	274,	293,	20
654,	1996,	2108,	274,	294,	20
655,	1996,	2107,	274,	295,	20
656,	1996,	2105,	274,	296,	20
657,	1996,	2103,	274,	297,	20
658,	1996,	2101,	274,	298,	20
659,	1995,	2099,	274,	299,	20
660,	1994,	2096,	274,	300,	20
661,	1993,	2094,	274,	301,	20
662,	1992,	2090,	274,	302,	20
663,	1990,	2087,	274,	303,	20
664,	1988,	2083,	274,	304,	20
665,	1980,	2079,	274,	305,	20
666,	1966,	2074,	274,	306,	20
667,	1978,	2069,	274,	307,	20
668,	1988,	2064,	274,	308,	20
669,	1970,	2058,	274,	309,	20
670,	1964,	2051,	274,	310,	20
671,	1959,	2045,	274,	311,	20
672,	1954,	2038,	274,	312,	20
673,	1949,	2030,	274,	313,	20
674,	1944,	2022,	274,	314,	20
675,	1938,	2014,	274,	315,	20
676,	1932,	2005,	274,	316,	20
677,	1925,	1996,	274,	317,	20
678,	1919,	1983,	274,	318,	20
679,	1912,	1990,	274,	319,	20
680,	1905,	1964,	274,	320,	20
681,	1897,	1955,	274,	321,	20
682,	1889,	1946,	274,	322,	20
683,	1881,	1937,	274,	323,	20
684,	1872,	1930,	274,	324,	20
685,	1863,	1922,	274,	325,	20
686,	1853,	1914,	274,	326,	20
687,	1843,	1907,	274,	327,	20
688,	1834,	1899,	274,	328,	20
689,	1827,	1892,	274,	329,	20
690,	1821,	1884,	274,	330,	20
691,	1817,	1876,	274,	331,	20
692,	1816,	1868,	274,	332,	20
693,	1816,	1859,	274,	333,	20
694,	1815,	1851,	274,	334,	20
695,	1813,	1843,	274,	335,	20
696,	1810,	1835,	274,	336,	20
697,	1806,	1829,	274,	337,	20
698,	1802,	1823,	274,	338,	20
699,	1796,	1819,	274,	339,	20
700,	1789,	1817,	274,	340,	20
701,	1782,	1816,	274,	341,	20
702,	1774,	1816,	274,	342,	20
703,	1766,	1816,	274,	343,	20
704,	1757,	1815,	274,	344,	20
705,	1748,	1813,	274,	345,	20
706,	1738,	1811,	274,	346,	20
707,	1728,	1809,	274,	347,	20
708,	1717,	1806,	274,	348,	20
709,	1706,	1803,	274,	349,	20
710,	1697,	1799,	274,	350,	20
711,	1692,	1795,	274,	351,	20
712,	1685,	1790,	274,	352,	20
713,	1677,	1786,	274,	353,	20
714,	1669,	1781,	274,	354,	20
715,	1660,	1776,	274,	355,	20
716,	1651,	1770,	274,	356,	20
717,	1642,	1764,	274,	357,	20
718,	1632,	1759,	274,	358,	20
719,	1624,	1753,	274,	359,	20
720,	1615,	1747,	274,	360,	20
721,	2920,	1969,	274,	1,	40
722,	2925,	1988,	274,	2,	40
723,	2929,	1991,	274,	3,	40
724,	2932,	1993,	274,	4,	40
725,	2932,	1994,	274,	5,	40
726,	2930,	1993,	274,	6,	40
727,	2927,	1992,	274,	7,	40
728,	2922,	1989,	274,	8,	40
729,	2916,	1982,	274,	9,	40
730,	2910,	1965,	274,	10,	40
731,	2904,	1990,	274,	11,	40
732,	2898,	1968,	274,	12,	40
733,	2891,	1962,	274,	13,	40
734,	2881,	1956,	274,	14,	40
735,	2867,	1949,	274,	15,	40
736,	2851,	1943,	274,	16,	40
737,	2832,	1937,	274,	17,	40
738,	2812,	1931,	274,	18,	40
739,	2792,	1925,	274,	19,	40
740,	2774,	1919,	274,	20,	40
741,	2759,	1913,	274,	21,	40
742,	2746,	1908,	274,	22,	40
743,	2736,	1903,	274,	23,	40
744,	2729,	1898,	274,	24,	40
745,	2724,	1893,	274,	25,	40
746,	2723,	1888,	274,	26,	40
747,	2717,	1884,	274,	27,	40
748,	2707,	1879,	274,	28,	40
749,	2693,	1876,	274,	29,	40
750,	2676,	1873,	274,	30,	40
751,	2654,	1870,	274,	31,	40
752,	2630,	1868,	274,	32,	40
753,	2602,	1866,	274,	33,	40
754,	2567,	1866,	274,	34,	40
755,	2545,	1866,	274,	35,	40
756,	2527,	1867,	274,	36,	40
757,	2511,	1869,	274,	37,	40
758,	2496,	1872,	274,	38,	40
759,	2482,	1876,	274,	39,	40
760,	2466,	1881,	274,	40,	40
761,	2451,	1887,	274,	41,	40
762,	2438,	1894,	274,	42,	40
763,	2429,	1902,	274,	43,	40
764,	2423,	1911,	274,	44,	40
765,	2421,	1922,	274,	45,	40
766,	2421,	1935,	274,	46,	40
767,	2420,	1951,	274,	47,	40
768,	2417,	1979,	274,	48,	40
769,	2414,	1998,	274,	49,	40
770,	2410,	2022,	274,	50,	40
771,	2405,	2047,	274,	51,	40
772,	2401,	2070,	274,	52,	40
773,	2396,	2091,	274,	53,	40
774,	2391,	2107,	274,	54,	40
775,	2386,	2117,	274,	55,	40
776,	2381,	2119,	274,	56,	40
777,	2377,	2135,	274,	57,	40
778,	2372,	2159,	274,	58,	40
779,	2368,	2192,	274,	59,	40
780,	2364,	2232,	274,	60,	40
781,	2360,	2273,	274,	61,	40
782,	2356,	2307,	274,	62,	40
783,	2353,	2331,	274,	63,	40
784,	2349,	2362,	274,	64,	40
785,	2346,	2386,	274,	65,	40
786,	2343,	2405,	274,	66,	40
787,	2340,	2417,	274,	67,	40
788,	2338,	2421,	274,	68,	40
789,	2335,	2427,	274,	69,	40
790,	2333,	2448,	274,	70,	40
791,	2331,	2477,	274,	71,	40
792,	2329,	2504,	274,	72,	40
793,	2327,	2531,	274,	73,	40
794,	2325,	2563,	274,	74,	40
795,	2323,	2618,	274,	75,	40
796,	2323,	2655,	274,	76,	40
797,	2322,	2685,	274,	77,	40
798,	2321,	2707,	274,	78,	40
799,	2321,	2720,	274,	79,	40
800,	2320,	2724,	274,	80,	40
801,	2319,	2731,	274,	81,	40
802,	2318,	2743,	274,	82,	40
803,	2317,	2760,	274,	83,	40
804,	2316,	2782,	274,	84,	40
805,	2314,	2808,	274,	85,	40
806,	2312,	2835,	274,	86,	40
807,	2310,	2858,	274,	87,	40
808,	2308,	2877,	274,	88,	40
809,	2305,	2891,	274,	89,	40
810,	2302,	2900,	274,	90,	40
811,	2298,	2907,	274,	91,	40
812,	2294,	2914,	274,	92,	40
813,	2289,	2921,	274,	93,	40
814,	2284,	2925,	274,	94,	40
815,	2278,	2928,	274,	95,	40
816,	2271,	2929,	274,	96,	40
817,	2263,	2927,	274,	97,	40
818,	2255,	2923,	274,	98,	40
819,	2245,	2918,	274,	99,	40
820,	2236,	2911,	274,	100,	40
821,	2225,	2904,	274,	101,	40
822,	2214,	2899,	274,	102,	40
823,	2203,	2890,	274,	103,	40
824,	2192,	2878,	274,	104,	40
825,	2181,	2861,	274,	105,	40
826,	2170,	2841,	274,	106,	40
827,	2160,	2818,	274,	107,	40
828,	2150,	2794,	274,	108,	40
829,	2141,	2773,	274,	109,	40
830,	2133,	2755,	274,	110,	40
831,	2126,	2741,	274,	111,	40
832,	2119,	2731,	274,	112,	40
833,	2119,	2724,	274,	113,	40
834,	2117,	2721,	274,	114,	40
835,	2112,	2711,	274,	115,	40
836,	2106,	2694,	274,	116,	40
837,	2096,	2670,	274,	117,	40
838,	2085,	2639,	274,	118,	40
839,	2070,	2597,	274,	119,	40
840,	2054,	2555,	274,	120,	40
841,	2035,	2527,	274,	121,	40
842,	2015,	2502,	274,	122,	40
843,	1992,	2478,	274,	123,	40
844,	1965,	2452,	274,	124,	40
845,	1944,	2430,	274,	125,	40
846,	1925,	2422,	274,	126,	40
847,	1907,	2419,	274,	127,	40
848,	1890,	2411,	274,	128,	40
849,	1871,	2396,	274,	129,	40
850,	1851,	2376,	274,	130,	40
851,	1832,	2350,	274,	131,	40
852,	1819,	2321,	274,	132,	40
853,	1816,	2297,	274,	133,	40
854,	1815,	2261,	274,	134,	40
855,	1809,	2220,	274,	135,	40
856,	1799,	2182,	274,	136,	40
857,	1786,	2151,	274,	137,	40
858,	1769,	2129,	274,	138,	40
859,	1748,	2119,	274,	139,	40
860,	1724,	2113,	274,	140,	40
861,	1697,	2098,	274,	141,	40
862,	1680,	2076,	274,	142,	40
863,	1653,	2048,	274,	143,	40
864,	1619,	2017,	274,	144,	40
865,	1584,	1966,	274,	145,	40
866,	1554,	1948,	274,	146,	40
867,	1531,	1922,	274,	147,	40
868,	1516,	1900,	274,	148,	40
869,	1512,	1877,	274,	149,	40
870,	1504,	1853,	274,	150,	40
871,	1490,	1832,	274,	151,	40
872,	1471,	1819,	274,	152,	40
873,	1445,	1816,	274,	153,	40
874,	1413,	1814,	274,	154,	40
875,	1381,	1809,	274,	155,	40
876,	1366,	1800,	274,	156,	40
877,	1346,	1788,	274,	157,	40
878,	1319,	1773,	274,	158,	40
879,	1289,	1757,	274,	159,	40
880,	1261,	1739,	274,	160,	40
881,	1238,	1719,	274,	161,	40
882,	1222,	1697,	274,	162,	40
883,	1213,	1686,	274,	163,	40
884,	1210,	1668,	274,	164,	40
885,	1206,	1647,	274,	165,	40
886,	1194,	1623,	274,	166,	40
887,	1179,	1599,	274,	167,	40
888,	1164,	1576,	274,	168,	40
889,	1151,	1557,	274,	169,	40
890,	1138,	1541,	274,	170,	40
891,	1118,	1528,	274,	171,	40
892,	1095,	1519,	274,	172,	40
893,	1070,	1513,	274,	173,	40
894,	1054,	1512,	274,	174,	40
895,	1048,	1509,	274,	175,	40
896,	1041,	1503,	274,	176,	40
897,	1031,	1496,	274,	177,	40
898,	1020,	1488,	274,	178,	40
899,	1009,	1479,	274,	179,	40
900,	998,	1468,	274,	180,	40
901,	988,	1455,	274,	181,	40
902,	979,	1442,	274,	182,	40
903,	970,	1427,	274,	183,	40
904,	963,	1411,	274,	184,	40
905,	958,	1396,	274,	185,	40
906,	953,	1383,	274,	186,	40
907,	950,	1374,	274,	187,	40
908,	948,	1370,	274,	188,	40
909,	946,	1363,	274,	189,	40
910,	946,	1356,	274,	190,	40
911,	947,	1347,	274,	191,	40
912,	948,	1338,	274,	192,	40
913,	950,	1328,	274,	193,	40
914,	954,	1318,	274,	194,	40
915,	958,	1307,	274,	195,	40
916,	964,	1297,	274,	196,	40
917,	970,	1287,	274,	197,	40
918,	978,	1278,	274,	198,	40
919,	987,	1269,	274,	199,	40
920,	996,	1261,	274,	200,	40
921,	1006,	1253,	274,	201,	40
922,	1016,	1247,	274,	202,	40
923,	1026,	1241,	274,	203,	40
924,	1035,	1235,	274,	204,	40
925,	1043,	1230,	274,	205,	40
926,	1050,	1226,	274,	206,	40
927,	1055,	1222,	274,	207,	40
928,	1071,	1219,	274,	208,	40
929,	1094,	1217,	274,	209,	40
930,	1116,	1215,	274,	210,	40
931,	1135,	1213,	274,	211,	40
932,	1148,	1212,	274,	212,	40
933,	1160,	1210,	274,	213,	40
934,	1174,	1210,	274,	214,	40
935,	1188,	1210,	274,	215,	40
936,	1201,	1210,	274,	216,	40
937,	1209,	1210,	274,	217,	40
938,	1210,	1209,	274,	218,	40
939,	1216,	1207,	274,	219,	40
940,	1228,	1206,	274,	220,	40
941,	1247,	1204,	274,	221,	40
942,	1272,	1201,	274,	222,	40
943,	1302,	1199,	274,	223,	40
944,	1331,	1196,	274,	224,	40
945,	1356,	1193,	274,	225,	40
946,	1373,	1190,	274,	226,	40
947,	1397,	1187,	274,	227,	40
948,	1433,	1184,	274,	228,	40
949,	1464,	1180,	274,	229,	40
950,	1486,	1177,	274,	230,	40
951,	1502,	1174,	274,	231,	40
952,	1512,	1171,	274,	232,	40
953,	1517,	1168,	274,	233,	40
954,	1536,	1165,	274,	234,	40
955,	1565,	1162,	274,	235,	40
956,	1603,	1159,	274,	236,	40
957,	1645,	1156,	274,	237,	40
958,	1679,	1154,	274,	238,	40
959,	1700,	1152,	274,	239,	40
960,	1734,	1150,	274,	240,	40
961,	1762,	1147,	274,	241,	40
962,	1786,	1145,	274,	242,	40
963,	1803,	1143,	274,	243,	40
964,	1813,	1140,	274,	244,	40
965,	1816,	1138,	274,	245,	40
966,	1824,	1135,	274,	246,	40
967,	1850,	1133,	274,	247,	40
968,	1880,	1130,	274,	248,	40
969,	1908,	1127,	274,	249,	40
970,	1937,	1124,	274,	250,	40
971,	1988,	1122,	274,	251,	40
972,	2015,	1119,	274,	252,	40
973,	2050,	1117,	274,	253,	40
974,	2080,	1114,	274,	254,	40
975,	2102,	1112,	274,	255,	40
976,	2115,	1110,	274,	256,	40
977,	2119,	1109,	274,	257,	40
978,	2131,	1107,	274,	258,	40
979,	2150,	1106,	274,	259,	40
980,	2175,	1105,	274,	260,	40
981,	2204,	1104,	274,	261,	40
982,	2235,	1104,	274,	262,	40
983,	2264,	1104,	274,	263,	40
984,	2289,	1104,	274,	264,	40
985,	2308,	1105,	274,	265,	40
986,	2321,	1105,	274,	266,	40
987,	2336,	1106,	274,	267,	40
988,	2351,	1108,	274,	268,	40
989,	2363,	1109,	274,	269,	40
990,	2373,	1111,	274,	270,	40
991,	2381,	1114,	274,	271,	40
992,	2387,	1116,	274,	272,	40
993,	2392,	1119,	274,	273,	40
994,	2395,	1122,	274,	274,	40
995,	2398,	1126,	274,	275,	40
996,	2399,	1129,	274,	276,	40
997,	2400,	1133,	274,	277,	40
998,	2401,	1136,	274,	278,	40
999,	2401,	1139,	274,	279,	40
1000,	2400,	1143,	274,	280,	40
1001,	2399,	1146,	274,	281,	40
1002,	2397,	1149,	274,	282,	40
1003,	2394,	1152,	274,	283,	40
1004,	2391,	1155,	274,	284,	40
1005,	2388,	1159,	274,	285,	40
1006,	2383,	1163,	274,	286,	40
1007,	2378,	1168,	274,	287,	40
1008,	2373,	1173,	274,	288,	40
1009,	2367,	1178,	274,	289,	40
1010,	2360,	1183,	274,	290,	40
1011,	2352,	1189,	274,	291,	40
1012,	2344,	1194,	274,	292,	40
1013,	2335,	1199,	274,	293,	40
1014,	2324,	1204,	274,	294,	40
1015,	2319,	1207,	274,	295,	40
1016,	2313,	1210,	274,	296,	40
1017,	2306,	1210,	274,	297,	40
1018,	2297,	1210,	274,	298,	40
1019,	2288,	1212,	274,	299,	40
1020,	2279,	1215,	274,	300,	40
1021,	2269,	1220,	274,	301,	40
1022,	2260,	1226,	274,	302,	40
1023,	2251,	1234,	274,	303,	40
1024,	2243,	1244,	274,	304,	40
1025,	2235,	1255,	274,	305,	40
1026,	2229,	1269,	274,	306,	40
1027,	2224,	1284,	274,	307,	40
1028,	2220,	1300,	274,	308,	40
1029,	2217,	1317,	274,	309,	40
1030,	2216,	1333,	274,	310,	40
1031,	2216,	1347,	274,	311,	40
1032,	2217,	1360,	274,	312,	40
1033,	2221,	1370,	274,	313,	40
1034,	2226,	1378,	274,	314,	40
1035,	2233,	1395,	274,	315,	40
1036,	2242,	1417,	274,	316,	40
1037,	2253,	1439,	274,	317,	40
1038,	2266,	1458,	274,	318,	40
1039,	2280,	1474,	274,	319,	40
1040,	2293,	1487,	274,	320,	40
1041,	2307,	1498,	274,	321,	40
1042,	2318,	1506,	274,	322,	40
1043,	2330,	1511,	274,	323,	40
1044,	2347,	1513,	274,	324,	40
1045,	2363,	1520,	274,	325,	40
1046,	2378,	1532,	274,	326,	40
1047,	2391,	1549,	274,	327,	40
1048,	2402,	1570,	274,	328,	40
1049,	2411,	1595,	274,	329,	40
1050,	2418,	1622,	274,	330,	40
1051,	2421,	1648,	274,	331,	40
1052,	2422,	1670,	274,	332,	40
1053,	2431,	1688,	274,	333,	40
1054,	2447,	1699,	274,	334,	40
1055,	2468,	1722,	274,	335,	40
1056,	2489,	1741,	274,	336,	40
1057,	2509,	1758,	274,	337,	40
1058,	2530,	1773,	274,	338,	40
1059,	2555,	1786,	274,	339,	40
1060,	2585,	1797,	274,	340,	40
1061,	2630,	1806,	274,	341,	40
1062,	2660,	1812,	274,	342,	40
1063,	2685,	1815,	274,	343,	40
1064,	2703,	1816,	274,	344,	40
1065,	2716,	1817,	274,	345,	40
1066,	2723,	1823,	274,	346,	40
1067,	2724,	1834,	274,	347,	40
1068,	2733,	1848,	274,	348,	40
1069,	2743,	1862,	274,	349,	40
1070,	2757,	1876,	274,	350,	40
1071,	2775,	1889,	274,	351,	40
1072,	2797,	1900,	274,	352,	40
1073,	2820,	1911,	274,	353,	40
1074,	2843,	1921,	274,	354,	40
1075,	2863,	1931,	274,	355,	40
1076,	2879,	1940,	274,	356,	40
1077,	2891,	1950,	274,	357,	40
1078,	2899,	1959,	274,	358,	40
1079,	2906,	1967,	274,	359,	40
1080,	2913,	1990,	274,	360,	40
1081,	1377,	2823,	274,	1,	60
1082,	1346,	2769,	274,	2,	60
1083,	1295,	2736,	274,	3,	60
1084,	1247,	2724,	274,	4,	60
1085,	1217,	2704,	274,	5,	60
1086,	1210,	2657,	274,	6,	60
1087,	1190,	2577,	274,	7,	60
1088,	1159,	2521,	274,	8,	60
1089,	1129,	2476,	274,	9,	60
1090,	1075,	2431,	274,	10,	60
1091,	1046,	2420,	274,	11,	60
1092,	1018,	2403,	274,	12,	60
1093,	977,	2365,	274,	13,	60
1094,	939,	2316,	274,	14,	60
1095,	915,	2254,	274,	15,	60
1096,	908,	2180,	274,	16,	60
1097,	905,	2130,	274,	17,	60
1098,	896,	2114,	274,	18,	60
1099,	881,	2080,	274,	19,	60
1100,	861,	2022,	274,	20,	60
1101,	838,	1953,	274,	21,	60
1102,	809,	1903,	274,	22,	60
1103,	786,	1857,	274,	23,	60
1104,	762,	1820,	274,	24,	60
1105,	731,	1815,	274,	25,	60
1106,	698,	1801,	274,	26,	60
1107,	668,	1775,	274,	27,	60
1108,	646,	1740,	274,	28,	60
1109,	628,	1698,	274,	29,	60
1110,	615,	1672,	274,	30,	60
1111,	605,	1629,	274,	31,	60
1112,	604,	1584,	274,	32,	60
1113,	600,	1549,	274,	33,	60
1114,	593,	1526,	274,	34,	60
1115,	586,	1513,	274,	35,	60
1116,	576,	1511,	274,	36,	60
1117,	566,	1504,	274,	37,	60
1118,	551,	1494,	274,	38,	60
1119,	534,	1484,	274,	39,	60
1120,	514,	1474,	274,	40,	60
1121,	497,	1465,	274,	41,	60
1122,	492,	1457,	274,	42,	60
1123,	503,	1452,	274,	43,	60
1124,	485,	1451,	274,	44,	60
1125,	486,	1453,	274,	45,	60
1126,	485,	1459,	274,	46,	60
1127,	480,	1467,	274,	47,	60
1128,	476,	1478,	274,	48,	60
1129,	473,	1489,	274,	49,	60
1130,	472,	1500,	274,	50,	60
1131,	472,	1508,	274,	51,	60
1132,	472,	1513,	274,	52,	60
1133,	474,	1522,	274,	53,	60
1134,	477,	1546,	274,	54,	60
1135,	481,	1584,	274,	55,	60
1136,	486,	1633,	274,	56,	60
1137,	485,	1678,	274,	57,	60
1138,	482,	1712,	274,	58,	60
1139,	508,	1755,	274,	59,	60
1140,	494,	1790,	274,	60,	60
1141,	492,	1812,	274,	61,	60
1142,	502,	1817,	274,	62,	60
1143,	517,	1854,	274,	63,	60
1144,	533,	1907,	274,	64,	60
1145,	547,	1968,	274,	65,	60
1146,	560,	2048,	274,	66,	60
1147,	570,	2103,	274,	67,	60
1148,	577,	2123,	274,	68,	60
1149,	584,	2178,	274,	69,	60
1150,	591,	2268,	274,	70,	60
1151,	596,	2334,	274,	71,	60
1152,	600,	2392,	274,	72,	60
1153,	603,	2420,	274,	73,	60
1154,	605,	2439,	274,	74,	60
1155,	605,	2501,	274,	75,	60
1156,	615,	2570,	274,	76,	60
1157,	623,	2674,	274,	77,	60
1158,	633,	2722,	274,	78,	60
1159,	645,	2743,	274,	79,	60
1160,	658,	2817,	274,	80,	60
1161,	674,	2899,	274,	81,	60
1162,	693,	2976,	274,	82,	60
1163,	713,	3024,	274,	83,	60
1164,	732,	3051,	274,	84,	60
1165,	751,	3143,	274,	85,	60
1166,	767,	3228,	274,	86,	60
1167,	781,	3278,	274,	87,	60
1168,	790,	3323,	274,	88,	60
1169,	802,	3336,	274,	89,	60
1170,	817,	3427,	274,	90,	60
1171,	832,	3525,	274,	91,	60
1172,	844,	3587,	274,	92,	60
1173,	854,	3626,	274,	93,	60
1174,	863,	3642,	274,	94,	60
1175,	872,	3778,	274,	95,	60
1176,	879,	3873,	274,	96,	60
1177,	886,	3935,	274,	97,	60
1178,	892,	3935,	274,	98,	60
1179,	897,	3935,	274,	99,	60
1180,	901,	3935,	274,	100,	60
1181,	904,	300,	274,	101,	60
1182,	906,	302,	274,	102,	60
1183,	907,	303,	274,	103,	60
1184,	908,	305,	274,	104,	60
1185,	908,	310,	274,	105,	60
1186,	909,	316,	274,	106,	60
1187,	913,	322,	274,	107,	60
1188,	918,	328,	274,	108,	60
1189,	926,	332,	274,	109,	60
1190,	935,	335,	274,	110,	60
1191,	946,	337,	274,	111,	60
1192,	958,	337,	274,	112,	60
1193,	972,	336,	274,	113,	60
1194,	987,	333,	274,	114,	60
1195,	1001,	329,	274,	115,	60
1196,	1015,	324,	274,	116,	60
1197,	1027,	319,	274,	117,	60
1198,	1037,	313,	274,	118,	60
1199,	1046,	307,	274,	119,	60
1200,	1052,	303,	274,	120,	60
1201,	1061,	302,	274,	121,	60
1202,	1083,	301,	274,	122,	60
1203,	1105,	301,	274,	123,	60
1204,	1125,	301,	274,	124,	60
1205,	1141,	301,	274,	125,	60
1206,	1152,	3935,	274,	126,	60
1207,	1164,	3920,	274,	127,	60
1208,	1177,	3827,	274,	128,	60
1209,	1191,	3725,	274,	129,	60
1210,	1203,	3632,	274,	130,	60
1211,	1210,	3615,	274,	131,	60
1212,	1210,	3573,	274,	132,	60
1213,	1216,	3504,	274,	133,	60
1214,	1228,	3403,	274,	134,	60
1215,	1246,	3331,	274,	135,	60
1216,	1270,	3319,	274,	136,	60
1217,	1299,	3274,	274,	137,	60
1218,	1328,	3222,	274,	138,	60
1219,	1354,	3136,	274,	139,	60
1220,	1372,	3047,	274,	140,	60
1221,	1394,	3023,	274,	141,	60
1222,	1431,	2972,	274,	142,	60
1223,	1462,	2897,	274,	143,	60
1224,	1486,	2809,	274,	144,	60
1225,	1502,	2739,	274,	145,	60
1226,	1512,	2719,	274,	146,	60
1227,	1517,	2661,	274,	147,	60
1228,	1536,	2552,	274,	148,	60
1229,	1567,	2484,	274,	149,	60
1230,	1606,	2425,	274,	150,	60
1231,	1648,	2412,	274,	151,	60
1232,	1682,	2365,	274,	152,	60
1233,	1706,	2296,	274,	153,	60
1234,	1739,	2196,	274,	154,	60
1235,	1766,	2125,	274,	155,	60
1236,	1789,	2099,	274,	156,	60
1237,	1805,	2024,	274,	157,	60
1238,	1814,	1931,	274,	158,	60
1239,	1816,	1863,	274,	159,	60
1240,	1829,	1816,	274,	160,	60
1241,	1857,	1802,	274,	161,	60
1242,	1887,	1756,	274,	162,	60
1243,	1915,	1693,	274,	163,	60
1244,	1945,	1624,	274,	164,	60
1245,	1981,	1545,	274,	165,	60
1246,	2024,	1513,	274,	166,	60
1247,	2057,	1488,	274,	167,	60
1248,	2085,	1432,	274,	168,	60
1249,	2105,	1370,	274,	169,	60
1250,	2116,	1317,	274,	170,	60
1251,	2119,	1251,	274,	171,	60
1252,	2131,	1214,	274,	172,	60
1253,	2150,	1204,	274,	173,	60
1254,	2172,	1168,	274,	174,	60
1255,	2198,	1132,	274,	175,	60
1256,	2225,	1065,	274,	176,	60
1257,	2251,	1037,	274,	177,	60
1258,	2274,	994,	274,	178,	60
1259,	2292,	946,	274,	179,	60
1260,	2307,	916,	274,	180,	60
1261,	2317,	908,	274,	181,	60
1262,	2323,	904,	274,	182,	60
1263,	2333,	893,	274,	183,	60
1264,	2341,	876,	274,	184,	60
1265,	2347,	856,	274,	185,	60
1266,	2352,	832,	274,	186,	60
1267,	2356,	804,	274,	187,	60
1268,	2358,	785,	274,	188,	60
1269,	2359,	764,	274,	189,	60
1270,	2359,	740,	274,	190,	60
1271,	2358,	714,	274,	191,	60
1272,	2357,	690,	274,	192,	60
1273,	2354,	671,	274,	193,	60
1274,	2350,	655,	274,	194,	60
1275,	2346,	644,	274,	195,	60
1276,	2341,	634,	274,	196,	60
1277,	2336,	627,	274,	197,	60
1278,	2329,	622,	274,	198,	60
1279,	2323,	618,	274,	199,	60
1280,	2319,	615,	274,	200,	60
1281,	2315,	613,	274,	201,	60
1282,	2309,	612,	274,	202,	60
1283,	2303,	611,	274,	203,	60
1284,	2295,	612,	274,	204,	60
1285,	2288,	613,	274,	205,	60
1286,	2279,	615,	274,	206,	60
1287,	2271,	617,	274,	207,	60
1288,	2263,	621,	274,	208,	60
1289,	2255,	626,	274,	209,	60
1290,	2247,	632,	274,	210,	60
1291,	2240,	640,	274,	211,	60
1292,	2234,	651,	274,	212,	60
1293,	2229,	664,	274,	213,	60
1294,	2225,	681,	274,	214,	60
1295,	2221,	702,	274,	215,	60
1296,	2220,	725,	274,	216,	60
1297,	2219,	749,	274,	217,	60
1298,	2220,	772,	274,	218,	60
1299,	2223,	789,	274,	219,	60
1300,	2227,	809,	274,	220,	60
1301,	2234,	835,	274,	221,	60
1302,	2242,	857,	274,	222,	60
1303,	2252,	876,	274,	223,	60
1304,	2263,	891,	274,	224,	60
1305,	2277,	902,	274,	225,	60
1306,	2291,	908,	274,	226,	60
1307,	2305,	910,	274,	227,	60
1308,	2317,	929,	274,	228,	60
1309,	2331,	965,	274,	229,	60
1310,	2349,	1009,	274,	230,	60
1311,	2367,	1043,	274,	231,	60
1312,	2384,	1070,	274,	232,	60
1313,	2398,	1129,	274,	233,	60
1314,	2410,	1162,	274,	234,	60
1315,	2418,	1195,	274,	235,	60
1316,	2421,	1210,	274,	236,	60
1317,	2425,	1227,	274,	237,	60
1318,	2442,	1270,	274,	238,	60
1319,	2468,	1329,	274,	239,	60
1320,	2495,	1371,	274,	240,	60
1321,	2522,	1425,	274,	241,	60
1322,	2554,	1478,	274,	242,	60
1323,	2623,	1507,	274,	243,	60
1324,	2655,	1520,	274,	244,	60
1325,	2691,	1565,	274,	245,	60
1326,	2715,	1636,	274,	246,	60
1327,	2724,	1692,	274,	247,	60
1328,	2734,	1745,	274,	248,	60
1329,	2758,	1788,	274,	249,	60
1330,	2797,	1813,	274,	250,	60
1331,	2850,	1820,	274,	251,	60
1332,	2893,	1868,	274,	252,	60
1333,	2925,	1922,	274,	253,	60
1334,	2973,	1992,	274,	254,	60
1335,	3008,	2063,	274,	255,	60
1336,	3025,	2109,	274,	256,	60
1337,	3031,	2125,	274,	257,	60
1338,	3063,	2174,	274,	258,	60
1339,	3114,	2251,	274,	259,	60
1340,	3169,	2315,	274,	260,	60
1341,	3216,	2365,	274,	261,	60
1342,	3252,	2402,	274,	262,	60
1343,	3276,	2420,	274,	263,	60
1344,	3304,	2430,	274,	264,	60
1345,	3324,	2472,	274,	265,	60
1346,	3330,	2516,	274,	266,	60
1347,	3343,	2566,	274,	267,	60
1348,	3389,	2643,	274,	268,	60
1349,	3447,	2692,	274,	269,	60
1350,	3499,	2719,	274,	270,	60
1351,	3541,	2724,	274,	271,	60
1352,	3573,	2747,	274,	272,	60
1353,	3594,	2782,	274,	273,	60
1354,	3613,	2832,	274,	274,	60
1355,	3628,	2879,	274,	275,	60
1356,	3632,	2906,	274,	276,	60
1357,	3638,	2942,	274,	277,	60
1358,	3682,	2979,	274,	278,	60
1359,	3739,	3005,	274,	279,	60
1360,	3784,	3021,	274,	280,	60
1361,	3812,	3027,	274,	281,	60
1362,	3838,	3030,	274,	282,	60
1363,	3866,	3045,	274,	283,	60
1364,	3891,	3068,	274,	284,	60
1365,	3909,	3095,	274,	285,	60
1366,	3920,	3122,	274,	286,	60
1367,	3927,	3148,	274,	287,	60
1368,	3931,	3172,	274,	288,	60
1369,	3933,	3192,	274,	289,	60
1370,	3934,	3209,	274,	290,	60
1371,	3934,	3223,	274,	291,	60
1372,	3933,	3235,	274,	292,	60
1373,	3930,	3246,	274,	293,	60
1374,	3926,	3254,	274,	294,	60
1375,	3918,	3261,	274,	295,	60
1376,	3904,	3266,	274,	296,	60
1377,	3884,	3270,	274,	297,	60
1378,	3858,	3274,	274,	298,	60
1379,	3826,	3277,	274,	299,	60
1380,	3804,	3279,	274,	300,	60
1381,	3769,	3282,	274,	301,	60
1382,	3716,	3286,	274,	302,	60
1383,	3660,	3290,	274,	303,	60
1384,	3632,	3293,	274,	304,	60
1385,	3632,	3295,	274,	305,	60
1386,	3622,	3296,	274,	306,	60
1387,	3601,	3298,	274,	307,	60
1388,	3583,	3299,	274,	308,	60
1389,	3554,	3300,	274,	309,	60
1390,	3514,	3302,	274,	310,	60
1391,	3463,	3303,	274,	311,	60
1392,	3403,	3304,	274,	312,	60
1393,	3350,	3305,	274,	313,	60
1394,	3330,	3306,	274,	314,	60
1395,	3325,	3307,	274,	315,	60
1396,	3302,	3308,	274,	316,	60
1397,	3273,	3310,	274,	317,	60
1398,	3243,	3311,	274,	318,	60
1399,	3197,	3313,	274,	319,	60
1400,	3138,	3314,	274,	320,	60
1401,	3074,	3316,	274,	321,	60
1402,	3032,	3317,	274,	322,	60
1403,	3024,	3319,	274,	323,	60
1404,	2996,	3320,	274,	324,	60
1405,	2942,	3321,	274,	325,	60
1406,	2895,	3322,	274,	326,	60
1407,	2837,	3322,	274,	327,	60
1408,	2771,	3323,	274,	328,	60
1409,	2735,	3323,	274,	329,	60
1410,	2722,	3323,	274,	330,	60
1411,	2695,	3323,	274,	331,	60
1412,	2638,	3323,	274,	332,	60
1413,	2555,	3322,	274,	333,	60
1414,	2505,	3321,	274,	334,	60
1415,	2457,	3319,	274,	335,	60
1416,	2423,	3317,	274,	336,	60
1417,	2416,	3314,	274,	337,	60
1418,	2390,	3311,	274,	338,	60
1419,	2344,	3306,	274,	339,	60
1420,	2295,	3300,	274,	340,	60
1421,	2221,	3292,	274,	341,	60
1422,	2154,	3282,	274,	342,	60
1423,	2119,	3276,	274,	343,	60
1424,	2101,	3269,	274,	344,	60
1425,	2051,	3259,	274,	345,	60
1426,	1966,	3246,	274,	346,	60
1427,	1919,	3230,	274,	347,	60
1428,	1869,	3210,	274,	348,	60
1429,	1823,	3185,	274,	349,	60
1430,	1815,	3155,	274,	350,	60
1431,	1796,	3121,	274,	351,	60
1432,	1761,	3085,	274,	352,	60
1433,	1713,	3053,	274,	353,	60
1434,	1670,	3031,	274,	354,	60
1435,	1608,	3027,	274,	355,	60
1436,	1549,	3017,	274,	356,	60
1437,	1516,	2993,	274,	357,	60
1438,	1506,	2955,	274,	358,	60
1439,	1479,	2910,	274,	359,	60
1440,	1433,	2878,	274,	360,	60
1441,	1216,	735,	274,	1,	80
1442,	1234,	768,	274,	2,	80
1443,	1265,	790,	274,	3,	80
1444,	1307,	820,	274,	4,	80
1445,	1348,	848,	274,	5,	80
1446,	1374,	870,	274,	6,	80
1447,	1417,	889,	274,	7,	80
1448,	1465,	901,	274,	8,	80
1449,	1496,	907,	274,	9,	80
1450,	1512,	909,	274,	10,	80
1451,	1526,	925,	274,	11,	80
1452,	1570,	957,	274,	12,	80
1453,	1633,	998,	274,	13,	80
1454,	1687,	1033,	274,	14,	80
1455,	1732,	1052,	274,	15,	80
1456,	1777,	1097,	274,	16,	80
1457,	1806,	1140,	274,	17,	80
1458,	1816,	1166,	274,	18,	80
1459,	1844,	1193,	274,	19,	80
1460,	1898,	1210,	274,	20,	80
1461,	1955,	1216,	274,	21,	80
1462,	2034,	1238,	274,	22,	80
1463,	2094,	1276,	274,	23,	80
1464,	2119,	1321,	274,	24,	80
1465,	2155,	1358,	274,	25,	80
1466,	2231,	1381,	274,	26,	80
1467,	2308,	1428,	274,	27,	80
1468,	2363,	1467,	274,	28,	80
1469,	2405,	1494,	274,	29,	80
1470,	2421,	1509,	274,	30,	80
1471,	2445,	1513,	274,	31,	80
1472,	2500,	1535,	274,	32,	80
1473,	2557,	1568,	274,	33,	80
1474,	2650,	1611,	274,	34,	80
1475,	2707,	1654,	274,	35,	80
1476,	2724,	1686,	274,	36,	80
1477,	2755,	1711,	274,	37,	80
1478,	2823,	1742,	274,	38,	80
1479,	2893,	1767,	274,	39,	80
1480,	2950,	1787,	274,	40,	80
1481,	3007,	1802,	274,	41,	80
1482,	3027,	1812,	274,	42,	80
1483,	3055,	1816,	274,	43,	80
1484,	3125,	1817,	274,	44,	80
1485,	3196,	1826,	274,	45,	80
1486,	3249,	1843,	274,	46,	80
1487,	3279,	1863,	274,	47,	80
1488,	3315,	1881,	274,	48,	80
1489,	3330,	1896,	274,	49,	80
1490,	3343,	1911,	274,	50,	80
1491,	3403,	1924,	274,	51,	80
1492,	3473,	1937,	274,	52,	80
1493,	3530,	1950,	274,	53,	80
1494,	3571,	1963,	274,	54,	80
1495,	3597,	1980,	274,	55,	80
1496,	3621,	1991,	274,	56,	80
1497,	3632,	2001,	274,	57,	80
1498,	3634,	2010,	274,	58,	80
1499,	3684,	2018,	274,	59,	80
1500,	3752,	2024,	274,	60,	80
1501,	3799,	2029,	274,	61,	80
1502,	3825,	2034,	274,	62,	80
1503,	3860,	2037,	274,	63,	80
1504,	3890,	2040,	274,	64,	80
1505,	3910,	2042,	274,	65,	80
1506,	3921,	2043,	274,	66,	80
1507,	3927,	2044,	274,	67,	80
1508,	3930,	2045,	274,	68,	80
1509,	3930,	2045,	274,	69,	80
1510,	3929,	2045,	274,	70,	80
1511,	3925,	2044,	274,	71,	80
1512,	3916,	2043,	274,	72,	80
1513,	3900,	2043,	274,	73,	80
1514,	3875,	2042,	274,	74,	80
1515,	3843,	2041,	274,	75,	80
1516,	3811,	2040,	274,	76,	80
1517,	3773,	2040,	274,	77,	80
1518,	3710,	2039,	274,	78,	80
1519,	3646,	2039,	274,	79,	80
1520,	3632,	2040,	274,	80,	80
1521,	3626,	2040,	274,	81,	80
1522,	3601,	2042,	274,	82,	80
1523,	3579,	2043,	274,	83,	80
1524,	3540,	2046,	274,	84,	80
1525,	3484,	2049,	274,	85,	80
1526,	3413,	2052,	274,	86,	80
1527,	3347,	2057,	274,	87,	80
1528,	3330,	2062,	274,	88,	80
1529,	3315,	2068,	274,	89,	80
1530,	3278,	2074,	274,	90,	80
1531,	3244,	2081,	274,	91,	80
1532,	3186,	2088,	274,	92,	80
1533,	3109,	2096,	274,	93,	80
1534,	3041,	2103,	274,	94,	80
1535,	3025,	2109,	274,	95,	80
1536,	2989,	2114,	274,	96,	80
1537,	2919,	2117,	274,	97,	80
1538,	2863,	2119,	274,	98,	80
1539,	2779,	2123,	274,	99,	80
1540,	2733,	2131,	274,	100,	80
1541,	2717,	2143,	274,	101,	80
1542,	2668,	2158,	274,	102,	80
1543,	2572,	2176,	274,	103,	80
1544,	2506,	2198,	274,	104,	80
1545,	2449,	2223,	274,	105,	80
1546,	2421,	2249,	274,	106,	80
1547,	2403,	2275,	274,	107,	80
1548,	2357,	2298,	274,	108,	80
1549,	2298,	2315,	274,	109,	80
1550,	2211,	2331,	274,	110,	80
1551,	2140,	2352,	274,	111,	80
1552,	2115,	2370,	274,	112,	80
1553,	2074,	2386,	274,	113,	80
1554,	2001,	2399,	274,	114,	80
1555,	1925,	2409,	274,	115,	80
1556,	1869,	2416,	274,	116,	80
1557,	1820,	2421,	274,	117,	80
1558,	1813,	2422,	274,	118,	80
1559,	1789,	2426,	274,	119,	80
1560,	1747,	2438,	274,	120,	80
1561,	1695,	2455,	274,	121,	80
1562,	1648,	2474,	274,	122,	80
1563,	1582,	2492,	274,	123,	80
1564,	1533,	2509,	274,	124,	80
1565,	1513,	2527,	274,	125,	80
1566,	1500,	2546,	274,	126,	80
1567,	1472,	2568,	274,	127,	80
1568,	1428,	2606,	274,	128,	80
1569,	1379,	2630,	274,	129,	80
1570,	1356,	2652,	274,	130,	80
1571,	1320,	2672,	274,	131,	80
1572,	1279,	2688,	274,	132,	80
1573,	1246,	2700,	274,	133,	80
1574,	1224,	2710,	274,	134,	80
1575,	1213,	2717,	274,	135,	80
1576,	1210,	2722,	274,	136,	80
1577,	1205,	2724,	274,	137,	80
1578,	1194,	2724,	274,	138,	80
1579,	1182,	2724,	274,	139,	80
1580,	1171,	2731,	274,	140,	80
1581,	1161,	2735,	274,	141,	80
1582,	1154,	2739,	274,	142,	80
1583,	1148,	2743,	274,	143,	80
1584,	1143,	2748,	274,	144,	80
1585,	1139,	2753,	274,	145,	80
1586,	1136,	2757,	274,	146,	80
1587,	1133,	2762,	274,	147,	80
1588,	1132,	2766,	274,	148,	80
1589,	1133,	2770,	274,	149,	80
1590,	1135,	2774,	274,	150,	80
1591,	1138,	2777,	274,	151,	80
1592,	1141,	2781,	274,	152,	80
1593,	1145,	2783,	274,	153,	80
1594,	1150,	2786,	274,	154,	80
1595,	1154,	2788,	274,	155,	80
1596,	1160,	2789,	274,	156,	80
1597,	1167,	2790,	274,	157,	80
1598,	1175,	2791,	274,	158,	80
1599,	1183,	2792,	274,	159,	80
1600,	1191,	2792,	274,	160,	80
1601,	1199,	2793,	274,	161,	80
1602,	1205,	2793,	274,	162,	80
1603,	1209,	2793,	274,	163,	80
1604,	1210,	2792,	274,	164,	80
1605,	1212,	2792,	274,	165,	80
1606,	1215,	2792,	274,	166,	80
1607,	1221,	2792,	274,	167,	80
1608,	1229,	2791,	274,	168,	80
1609,	1240,	2791,	274,	169,	80
1610,	1252,	2791,	274,	170,	80
1611,	1266,	2791,	274,	171,	80
1612,	1281,	2792,	274,	172,	80
1613,	1296,	2792,	274,	173,	80
1614,	1311,	2793,	274,	174,	80
1615,	1324,	2795,	274,	175,	80
1616,	1336,	2796,	274,	176,	80
1617,	1346,	2798,	274,	177,	80
1618,	1355,	2801,	274,	178,	80
1619,	1362,	2804,	274,	179,	80
1620,	1367,	2808,	274,	180,	80
1621,	1370,	2813,	274,	181,	80
1622,	1373,	2818,	274,	182,	80
1623,	1375,	2823,	274,	183,	80
1624,	1377,	2830,	274,	184,	80
1625,	1379,	2837,	274,	185,	80
1626,	1381,	2845,	274,	186,	80
1627,	1381,	2853,	274,	187,	80
1628,	1381,	2861,	274,	188,	80
1629,	1380,	2870,	274,	189,	80
1630,	1379,	2879,	274,	190,	80
1631,	1377,	2887,	274,	191,	80
1632,	1375,	2894,	274,	192,	80
1633,	1373,	2900,	274,	193,	80
1634,	1371,	2906,	274,	194,	80
1635,	1368,	2914,	274,	195,	80
1636,	1365,	2925,	274,	196,	80
1637,	1361,	2938,	274,	197,	80
1638,	1356,	2952,	274,	198,	80
1639,	1351,	2966,	274,	199,	80
1640,	1344,	2979,	274,	200,	80
1641,	1337,	2991,	274,	201,	80
1642,	1330,	3002,	274,	202,	80
1643,	1321,	3011,	274,	203,	80
1644,	1312,	3018,	274,	204,	80
1645,	1303,	3024,	274,	205,	80
1646,	1294,	3026,	274,	206,	80
1647,	1285,	3027,	274,	207,	80
1648,	1276,	3030,	274,	208,	80
1649,	1267,	3040,	274,	209,	80
1650,	1259,	3054,	274,	210,	80
1651,	1252,	3073,	274,	211,	80
1652,	1246,	3095,	274,	212,	80
1653,	1240,	3120,	274,	213,	80
1654,	1235,	3146,	274,	214,	80
1655,	1231,	3171,	274,	215,	80
1656,	1227,	3195,	274,	216,	80
1657,	1224,	3217,	274,	217,	80
1658,	1222,	3237,	274,	218,	80
1659,	1220,	3254,	274,	219,	80
1660,	1218,	3268,	274,	220,	80
1661,	1217,	3279,	274,	221,	80
1662,	1216,	3297,	274,	222,	80
1663,	1216,	3312,	274,	223,	80
1664,	1216,	3324,	274,	224,	80
1665,	1216,	3329,	274,	225,	80
1666,	1216,	3330,	274,	226,	80
1667,	1217,	3340,	274,	227,	80
1668,	1218,	3368,	274,	228,	80
1669,	1220,	3407,	274,	229,	80
1670,	1223,	3450,	274,	230,	80
1671,	1226,	3490,	274,	231,	80
1672,	1230,	3525,	274,	232,	80
1673,	1235,	3555,	274,	233,	80
1674,	1241,	3578,	274,	234,	80
1675,	1248,	3595,	274,	235,	80
1676,	1256,	3612,	274,	236,	80
1677,	1265,	3626,	274,	237,	80
1678,	1276,	3632,	274,	238,	80
1679,	1288,	3631,	274,	239,	80
1680,	1300,	3660,	274,	240,	80
1681,	1313,	3712,	274,	241,	80
1682,	1326,	3764,	274,	242,	80
1683,	1338,	3800,	274,	243,	80
1684,	1349,	3820,	274,	244,	80
1685,	1359,	3854,	274,	245,	80
1686,	1367,	3879,	274,	246,	80
1687,	1373,	3900,	274,	247,	80
1688,	1381,	3914,	274,	248,	80
1689,	1394,	3923,	274,	249,	80
1690,	1410,	3927,	274,	250,	80
1691,	1425,	3929,	274,	251,	80
1692,	1440,	3930,	274,	252,	80
1693,	1453,	3928,	274,	253,	80
1694,	1464,	3923,	274,	254,	80
1695,	1474,	3913,	274,	255,	80
1696,	1482,	3896,	274,	256,	80
1697,	1489,	3869,	274,	257,	80
1698,	1495,	3835,	274,	258,	80
1699,	1500,	3804,	274,	259,	80
1700,	1504,	3758,	274,	260,	80
1701,	1508,	3685,	274,	261,	80
1702,	1510,	3632,	274,	262,	80
1703,	1512,	3631,	274,	263,	80
1704,	1513,	3613,	274,	264,	80
1705,	1513,	3587,	274,	265,	80
1706,	1513,	3548,	274,	266,	80
1707,	1513,	3487,	274,	267,	80
1708,	1516,	3405,	274,	268,	80
1709,	1518,	3337,	274,	269,	80
1710,	1519,	3327,	274,	270,	80
1711,	1520,	3295,	274,	271,	80
1712,	1520,	3254,	274,	272,	80
1713,	1520,	3189,	274,	273,	80
1714,	1519,	3096,	274,	274,	80
1715,	1518,	3029,	274,	275,	80
1716,	1516,	3010,	274,	276,	80
1717,	1513,	2936,	274,	277,	80
1718,	1513,	2864,	274,	278,	80
1719,	1513,	2767,	274,	279,	80
1720,	1513,	2724,	274,	280,	80
1721,	1512,	2690,	274,	281,	80
1722,	1510,	2579,	274,	282,	80
1723,	1508,	2498,	274,	283,	80
1724,	1504,	2429,	274,	284,	80
1725,	1500,	2412,	274,	285,	80
1726,	1495,	2359,	274,	286,	80
1727,	1488,	2278,	274,	287,	80
1728,	1480,	2166,	274,	288,	80
1729,	1471,	2117,	274,	289,	80
1730,	1460,	2059,	274,	290,	80
1731,	1446,	1952,	274,	291,	80
1732,	1431,	1871,	274,	292,	80
1733,	1413,	1816,	274,	293,	80
1734,	1395,	1795,	274,	294,	80
1735,	1380,	1734,	274,	295,	80
1736,	1371,	1661,	274,	296,	80
1737,	1363,	1563,	274,	297,	80
1738,	1351,	1513,	274,	298,	80
1739,	1337,	1483,	274,	299,	80
1740,	1320,	1405,	274,	300,	80
1741,	1301,	1345,	274,	301,	80
1742,	1283,	1263,	274,	302,	80
1743,	1265,	1214,	274,	303,	80
1744,	1249,	1195,	274,	304,	80
1745,	1236,	1148,	274,	305,	80
1746,	1225,	1074,	274,	306,	80
1747,	1217,	1030,	274,	307,	80
1748,	1212,	966,	274,	308,	80
1749,	1210,	917,	274,	309,	80
1750,	1209,	907,	274,	310,	80
1751,	1204,	895,	274,	311,	80
1752,	1196,	868,	274,	312,	80
1753,	1185,	830,	274,	313,	80
1754,	1174,	787,	274,	314,	80
1755,	1164,	747,	274,	315,	80
1756,	1154,	695,	274,	316,	80
1757,	1146,	652,	274,	317,	80
1758,	1135,	625,	274,	318,	80
1759,	1121,	605,	274,	319,	80
1760,	1105,	603,	274,	320,	80
1761,	1087,	594,	274,	321,	80
1762,	1069,	581,	274,	322,	80
1763,	1056,	565,	274,	323,	80
1764,	1051,	539,	274,	324,	80
1765,	1047,	507,	274,	325,	80
1766,	1042,	492,	274,	326,	80
1767,	1036,	479,	274,	327,	80
1768,	1029,	481,	274,	328,	80
1769,	1022,	467,	274,	329,	80
1770,	1016,	454,	274,	330,	80
1771,	1009,	448,	274,	331,	80
1772,	1003,	447,	274,	332,	80
1773,	998,	446,	274,	333,	80
1774,	993,	445,	274,	334,	80
1775,	990,	444,	274,	335,	80
1776,	987,	444,	274,	336,	80
1777,	985,	444,	274,	337,	80
1778,	984,	445,	274,	338,	80
1779,	984,	446,	274,	339,	80
1780,	986,	447,	274,	340,	80
1781,	988,	447,	274,	341,	80
1782,	992,	449,	274,	342,	80
1783,	996,	461,	274,	343,	80
1784,	1002,	473,	274,	344,	80
1785,	1009,	486,	274,	345,	80
1786,	1017,	503,	274,	346,	80
1787,	1025,	492,	274,	347,	80
1788,	1033,	503,	274,	348,	80
1789,	1041,	530,	274,	349,	80
1790,	1048,	554,	274,	350,	80
1791,	1053,	571,	274,	351,	80
1792,	1068,	583,	274,	352,	80
1793,	1093,	593,	274,	353,	80
1794,	1118,	600,	274,	354,	80
1795,	1139,	604,	274,	355,	80
1796,	1153,	610,	274,	356,	80
1797,	1169,	623,	274,	357,	80
1798,	1188,	641,	274,	358,	80
1799,	1204,	666,	274,	359,	80
1800,	1210,	698,	274,	360,	80
