3076,	379,	274,	1,	5
3330,	358,	274,	2,	5
3627,	339,	274,	3,	5
3627,	323,	274,	4,	5
349,	311,	274,	5,	5
447,	304,	274,	6,	5
567,	302,	274,	7,	5
615,	301,	274,	8,	5
278,	297,	274,	9,	5
302,	292,	274,	10,	5
346,	286,	274,	11,	5
428,	278,	274,	12,	5
481,	3882,	274,	13,	5
565,	3819,	274,	14,	5
605,	3777,	274,	15,	5
663,	3708,	274,	16,	5
778,	3647,	274,	17,	5
862,	3632,	274,	18,	5
906,	3631,	274,	19,	5
942,	3622,	274,	20,	5
1042,	3607,	274,	21,	5
1143,	3595,	274,	22,	5
1208,	3583,	274,	23,	5
1247,	3567,	274,	24,	5
1350,	3550,	274,	25,	5
1435,	3531,	274,	26,	5
1502,	3511,	274,	27,	5
1527,	3489,	274,	28,	5
1603,	3467,	274,	29,	5
1682,	3444,	274,	30,	5
1733,	3421,	274,	31,	5
1774,	3399,	274,	32,	5
1799,	3379,	274,	33,	5
1811,	3362,	274,	34,	5
1816,	3348,	274,	35,	5
1816,	3338,	274,	36,	5
1817,	3332,	274,	37,	5
1817,	3330,	274,	38,	5
1816,	3330,	274,	39,	5
1816,	3329,	274,	40,	5
1815,	3328,	274,	41,	5
1811,	3326,	274,	42,	5
1802,	3322,	274,	43,	5
1785,	3318,	274,	44,	5
1760,	3313,	274,	45,	5
1726,	3307,	274,	46,	5
1690,	3301,	274,	47,	5
1649,	3295,	274,	48,	5
1590,	3287,	274,	49,	5
1541,	3280,	274,	50,	5
1513,	3276,	274,	51,	5
1503,	3273,	274,	52,	5
1474,	3268,	274,	53,	5
1425,	3264,	274,	54,	5
1373,	3258,	274,	55,	5
1339,	3253,	274,	56,	5
1288,	3247,	274,	57,	5
1242,	3240,	274,	58,	5
1216,	3234,	274,	59,	5
1210,	3226,	274,	60,	5
1196,	3219,	274,	61,	5
1172,	3211,	274,	62,	5
1151,	3202,	274,	63,	5
1130,	3194,	274,	64,	5
1100,	3185,	274,	65,	5
1068,	3176,	274,	66,	5
1052,	3167,	274,	67,	5
1045,	3158,	274,	68,	5
1035,	3150,	274,	69,	5
1024,	3141,	274,	70,	5
1014,	3133,	274,	71,	5
1005,	3125,	274,	72,	5
996,	3118,	274,	73,	5
990,	3111,	274,	74,	5
985,	3105,	274,	75,	5
981,	3100,	274,	76,	5
979,	3095,	274,	77,	5
978,	3092,	274,	78,	5
978,	3089,	274,	79,	5
979,	3087,	274,	80,	5
982,	3086,	274,	81,	5
985,	3085,	274,	82,	5
989,	3086,	274,	83,	5
993,	3087,	274,	84,	5
998,	3090,	274,	85,	5
1002,	3094,	274,	86,	5
1007,	3099,	274,	87,	5
1012,	3105,	274,	88,	5
1017,	3112,	274,	89,	5
1021,	3121,	274,	90,	5
1025,	3132,	274,	91,	5
1029,	3144,	274,	92,	5
1032,	3157,	274,	93,	5
1034,	3171,	274,	94,	5
1036,	3185,	274,	95,	5
1038,	3199,	274,	96,	5
1040,	3214,	274,	97,	5
1041,	3228,	274,	98,	5
1041,	3242,	274,	99,	5
1042,	3254,	274,	100,	5
1042,	3265,	274,	101,	5
1042,	3274,	274,	102,	5
1041,	3283,	274,	103,	5
1040,	3298,	274,	104,	5
1039,	3310,	274,	105,	5
1037,	3320,	274,	106,	5
1034,	3327,	274,	107,	5
1031,	3330,	274,	108,	5
1027,	3330,	274,	109,	5
1023,	3337,	274,	110,	5
1017,	3355,	274,	111,	5
1011,	3382,	274,	112,	5
1003,	3414,	274,	113,	5
994,	3447,	274,	114,	5
984,	3478,	274,	115,	5
973,	3507,	274,	116,	5
961,	3532,	274,	117,	5
949,	3554,	274,	118,	5
938,	3572,	274,	119,	5
928,	3586,	274,	120,	5
919,	3597,	274,	121,	5
912,	3608,	274,	122,	5
908,	3621,	274,	123,	5
908,	3629,	274,	124,	5
907,	3632,	274,	125,	5
905,	3632,	274,	126,	5
901,	3647,	274,	127,	5
895,	3692,	274,	128,	5
888,	3752,	274,	129,	5
879,	3801,	274,	130,	5
869,	3842,	274,	131,	5
858,	3897,	274,	132,	5
847,	3932,	274,	133,	5
834,	3935,	274,	134,	5
820,	283,	274,	135,	5
806,	292,	274,	136,	5
794,	298,	274,	137,	5
787,	302,	274,	138,	5
779,	304,	274,	139,	5
771,	318,	274,	140,	5
763,	344,	274,	141,	5
756,	379,	274,	142,	5
751,	414,	274,	143,	5
747,	438,	274,	144,	5
745,	449,	274,	145,	5
746,	509,	274,	146,	5
749,	536,	274,	147,	5
754,	584,	274,	148,	5
762,	604,	274,	149,	5
771,	627,	274,	150,	5
781,	688,	274,	151,	5
790,	774,	274,	152,	5
804,	840,	274,	153,	5
824,	891,	274,	154,	5
844,	908,	274,	155,	5
861,	964,	274,	156,	5
878,	1048,	274,	157,	5
892,	1147,	274,	158,	5
902,	1208,	274,	159,	5
908,	1251,	274,	160,	5
910,	1358,	274,	161,	5
928,	1456,	274,	162,	5
964,	1512,	274,	163,	5
1009,	1577,	274,	164,	5
1043,	1690,	274,	165,	5
1072,	1774,	274,	166,	5
1132,	1815,	274,	167,	5
1165,	1856,	274,	168,	5
1198,	1936,	274,	169,	5
1210,	2038,	274,	170,	5
1231,	2106,	274,	171,	5
1280,	2127,	274,	172,	5
1339,	2180,	274,	173,	5
1376,	2248,	274,	174,	5
1438,	2299,	274,	175,	5
1486,	2323,	274,	176,	5
1510,	2343,	274,	177,	5
1526,	2350,	274,	178,	5
1577,	2344,	274,	179,	5
1648,	2323,	274,	180,	5
1696,	2298,	274,	181,	5
1749,	2238,	274,	182,	5
1789,	2161,	274,	183,	5
1812,	2118,	274,	184,	5
1818,	2068,	274,	185,	5
1856,	1950,	274,	186,	5
1905,	1853,	274,	187,	5
1955,	1810,	274,	188,	5
2021,	1736,	274,	189,	5
2075,	1615,	274,	190,	5
2109,	1513,	274,	191,	5
2119,	1430,	274,	192,	5
2144,	1304,	274,	193,	5
2185,	1210,	274,	194,	5
2234,	1132,	274,	195,	5
2280,	1007,	274,	196,	5
2312,	908,	274,	197,	5
2335,	868,	274,	198,	5
2359,	765,	274,	199,	5
2376,	633,	274,	200,	5
2388,	590,	274,	201,	5
2396,	511,	274,	202,	5
2400,	429,	274,	203,	5
2403,	331,	274,	204,	5
2402,	297,	274,	205,	5
2400,	3860,	274,	206,	5
2394,	3616,	274,	207,	5
2384,	3445,	274,	208,	5
2369,	3324,	274,	209,	5
2346,	3244,	274,	210,	5
2317,	3113,	274,	211,	5
2282,	3027,	274,	212,	5
2225,	2997,	274,	213,	5
2166,	2924,	274,	214,	5
2125,	2878,	274,	215,	5
2110,	2822,	274,	216,	5
2066,	2780,	274,	217,	5
1994,	2757,	274,	218,	5
1918,	2746,	274,	219,	5
1857,	2742,	274,	220,	5
1816,	2742,	274,	221,	5
1803,	2747,	274,	222,	5
1759,	2757,	274,	223,	5
1694,	2775,	274,	224,	5
1624,	2805,	274,	225,	5
1543,	2846,	274,	226,	5
1512,	2886,	274,	227,	5
1481,	2916,	274,	228,	5
1411,	2966,	274,	229,	5
1356,	3007,	274,	230,	5
1287,	3026,	274,	231,	5
1228,	3040,	274,	232,	5
1210,	3095,	274,	233,	5
1182,	3166,	274,	234,	5
1144,	3227,	274,	235,	5
1083,	3268,	274,	236,	5
1044,	3301,	274,	237,	5
1007,	3327,	274,	238,	5
961,	3331,	274,	239,	5
927,	3373,	274,	240,	5
910,	3438,	274,	241,	5
908,	3494,	274,	242,	5
906,	3536,	274,	243,	5
901,	3565,	274,	244,	5
895,	3585,	274,	245,	5
889,	3597,	274,	246,	5
884,	3609,	274,	247,	5
880,	3619,	274,	248,	5
878,	3625,	274,	249,	5
877,	3629,	274,	250,	5
877,	3631,	274,	251,	5
879,	3632,	274,	252,	5
882,	3632,	274,	253,	5
886,	3632,	274,	254,	5
890,	3632,	274,	255,	5
894,	3632,	274,	256,	5
899,	3632,	274,	257,	5
903,	3632,	274,	258,	5
906,	3639,	274,	259,	5
907,	3653,	274,	260,	5
908,	3677,	274,	261,	5
909,	3712,	274,	262,	5
916,	3756,	274,	263,	5
926,	3796,	274,	264,	5
941,	3830,	274,	265,	5
959,	3886,	274,	266,	5
979,	3929,	274,	267,	5
999,	3935,	274,	268,	5
1016,	284,	274,	269,	5
1030,	293,	274,	270,	5
1041,	300,	274,	271,	5
1048,	302,	274,	272,	5
1053,	314,	274,	273,	5
1062,	343,	274,	274,	5
1076,	383,	274,	275,	5
1091,	420,	274,	276,	5
1103,	442,	274,	277,	5
1113,	465,	274,	278,	5
1121,	492,	274,	279,	5
1127,	553,	274,	280,	5
1132,	588,	274,	281,	5
1136,	604,	274,	282,	5
1139,	623,	274,	283,	5
1140,	665,	274,	284,	5
1142,	731,	274,	285,	5
1142,	786,	274,	286,	5
1143,	835,	274,	287,	5
1142,	874,	274,	288,	5
1142,	899,	274,	289,	5
1141,	908,	274,	290,	5
1139,	923,	274,	291,	5
1137,	972,	274,	292,	5
1135,	1026,	274,	293,	5
1132,	1054,	274,	294,	5
1128,	1115,	274,	295,	5
1124,	1154,	274,	296,	5
1119,	1184,	274,	297,	5
1114,	1207,	274,	298,	5
1109,	1212,	274,	299,	5
1103,	1224,	274,	300,	5
1096,	1245,	274,	301,	5
1089,	1269,	274,	302,	5
1082,	1292,	274,	303,	5
1075,	1311,	274,	304,	5
1067,	1325,	274,	305,	5
1060,	1334,	274,	306,	5
1054,	1339,	274,	307,	5
1052,	1340,	274,	308,	5
1049,	1338,	274,	309,	5
1045,	1332,	274,	310,	5
1039,	1323,	274,	311,	5
1031,	1310,	274,	312,	5
1020,	1294,	274,	313,	5
1007,	1274,	274,	314,	5
992,	1255,	274,	315,	5
973,	1236,	274,	316,	5
954,	1221,	274,	317,	5
936,	1212,	274,	318,	5
920,	1210,	274,	319,	5
910,	1201,	274,	320,	5
908,	1181,	274,	321,	5
906,	1159,	274,	322,	5
899,	1139,	274,	323,	5
887,	1103,	274,	324,	5
868,	1058,	274,	325,	5
842,	1042,	274,	326,	5
805,	1016,	274,	327,	5
775,	981,	274,	328,	5
727,	945,	274,	329,	5
672,	920,	274,	330,	5
630,	908,	274,	331,	5
605,	907,	274,	332,	5
594,	901,	274,	333,	5
563,	889,	274,	334,	5
492,	873,	274,	335,	5
457,	852,	274,	336,	5
434,	827,	274,	337,	5
390,	797,	274,	338,	5
331,	777,	274,	339,	5
302,	748,	274,	340,	5
293,	713,	274,	341,	5
3935,	679,	274,	342,	5
3762,	651,	274,	343,	5
3627,	630,	274,	344,	5
3558,	615,	274,	345,	5
3430,	605,	274,	346,	5
3330,	602,	274,	347,	5
3311,	594,	274,	348,	5
3264,	582,	274,	349,	5
3209,	567,	274,	350,	5
3139,	541,	274,	351,	5
3075,	504,	274,	352,	5
3037,	502,	274,	353,	5
3027,	483,	274,	354,	5
3025,	458,	274,	355,	5
3022,	446,	274,	356,	5
3021,	441,	274,	357,	5
3024,	431,	274,	358,	5
3027,	417,	274,	359,	5
3034,	400,	274,	360,	5
3027,	1468,	274,	1,	10
3027,	1484,	274,	2,	10
3036,	1497,	274,	3,	10
3051,	1507,	274,	4,	10
3073,	1512,	274,	5,	10
3099,	1517,	274,	6,	10
3129,	1531,	274,	7,	10
3160,	1553,	274,	8,	10
3188,	1584,	274,	9,	10
3215,	1620,	274,	10,	10
3238,	1656,	274,	11,	10
3257,	1684,	274,	12,	10
3272,	1705,	274,	13,	10
3285,	1736,	274,	14,	10
3304,	1762,	274,	15,	10
3318,	1783,	274,	16,	10
3327,	1800,	274,	17,	10
3330,	1811,	274,	18,	10
3330,	1816,	274,	19,	10
3343,	1818,	274,	20,	10
3366,	1836,	274,	21,	10
3395,	1863,	274,	22,	10
3425,	1889,	274,	23,	10
3454,	1913,	274,	24,	10
3479,	1939,	274,	25,	10
3499,	1968,	274,	26,	10
3517,	2004,	274,	27,	10
3530,	2033,	274,	28,	10
3541,	2058,	274,	29,	10
3549,	2078,	274,	30,	10
3554,	2094,	274,	31,	10
3556,	2106,	274,	32,	10
3556,	2113,	274,	33,	10
3554,	2117,	274,	34,	10
3550,	2119,	274,	35,	10
3544,	2119,	274,	36,	10
3535,	2125,	274,	37,	10
3523,	2129,	274,	38,	10
3509,	2133,	274,	39,	10
3492,	2136,	274,	40,	10
3471,	2138,	274,	41,	10
3448,	2139,	274,	42,	10
3421,	2139,	274,	43,	10
3394,	2137,	274,	44,	10
3368,	2134,	274,	45,	10
3346,	2131,	274,	46,	10
3332,	2126,	274,	47,	10
3330,	2122,	274,	48,	10
3329,	2119,	274,	49,	10
3324,	2118,	274,	50,	10
3315,	2115,	274,	51,	10
3302,	2109,	274,	52,	10
3285,	2099,	274,	53,	10
3274,	2085,	274,	54,	10
3262,	2066,	274,	55,	10
3248,	2043,	274,	56,	10
3231,	2015,	274,	57,	10
3212,	1970,	274,	58,	10
3191,	1948,	274,	59,	10
3169,	1921,	274,	60,	10
3147,	1895,	274,	61,	10
3124,	1867,	274,	62,	10
3103,	1837,	274,	63,	10
3084,	1818,	274,	64,	10
3067,	1815,	274,	65,	10
3053,	1808,	274,	66,	10
3042,	1791,	274,	67,	10
3034,	1767,	274,	68,	10
3029,	1735,	274,	69,	10
3027,	1697,	274,	70,	10
3027,	1669,	274,	71,	10
3026,	1623,	274,	72,	10
3024,	1574,	274,	73,	10
3021,	1536,	274,	74,	10
3017,	1513,	274,	75,	10
3012,	1508,	274,	76,	10
3006,	1490,	274,	77,	10
3000,	1461,	274,	78,	10
2993,	1418,	274,	79,	10
2985,	1376,	274,	80,	10
2977,	1353,	274,	81,	10
2968,	1315,	274,	82,	10
2959,	1273,	274,	83,	10
2949,	1239,	274,	84,	10
2938,	1217,	274,	85,	10
2928,	1210,	274,	86,	10
2918,	1202,	274,	87,	10
2909,	1182,	274,	88,	10
2903,	1160,	274,	89,	10
2897,	1141,	274,	90,	10
2890,	1111,	274,	91,	10
2880,	1072,	274,	92,	10
2868,	1051,	274,	93,	10
2855,	1039,	274,	94,	10
2841,	1020,	274,	95,	10
2825,	998,	274,	96,	10
2810,	975,	274,	97,	10
2794,	953,	274,	98,	10
2780,	935,	274,	99,	10
2768,	922,	274,	100,	10
2757,	914,	274,	101,	10
2748,	909,	274,	102,	10
2740,	908,	274,	103,	10
2734,	908,	274,	104,	10
2729,	906,	274,	105,	10
2724,	904,	274,	106,	10
2724,	901,	274,	107,	10
2722,	898,	274,	108,	10
2718,	894,	274,	109,	10
2712,	890,	274,	110,	10
2703,	885,	274,	111,	10
2693,	881,	274,	112,	10
2682,	876,	274,	113,	10
2668,	871,	274,	114,	10
2652,	866,	274,	115,	10
2635,	862,	274,	116,	10
2613,	857,	274,	117,	10
2588,	853,	274,	118,	10
2569,	849,	274,	119,	10
2553,	845,	274,	120,	10
2539,	841,	274,	121,	10
2527,	837,	274,	122,	10
2515,	833,	274,	123,	10
2505,	829,	274,	124,	10
2494,	825,	274,	125,	10
2484,	821,	274,	126,	10
2473,	818,	274,	127,	10
2462,	815,	274,	128,	10
2452,	812,	274,	129,	10
2443,	810,	274,	130,	10
2435,	808,	274,	131,	10
2429,	806,	274,	132,	10
2425,	805,	274,	133,	10
2422,	804,	274,	134,	10
2422,	804,	274,	135,	10
2421,	804,	274,	136,	10
2421,	805,	274,	137,	10
2421,	806,	274,	138,	10
2420,	807,	274,	139,	10
2419,	810,	274,	140,	10
2418,	812,	274,	141,	10
2417,	816,	274,	142,	10
2417,	819,	274,	143,	10
2416,	823,	274,	144,	10
2416,	828,	274,	145,	10
2416,	833,	274,	146,	10
2416,	838,	274,	147,	10
2417,	843,	274,	148,	10
2418,	848,	274,	149,	10
2419,	854,	274,	150,	10
2420,	860,	274,	151,	10
2421,	866,	274,	152,	10
2421,	872,	274,	153,	10
2422,	878,	274,	154,	10
2422,	883,	274,	155,	10
2426,	889,	274,	156,	10
2433,	894,	274,	157,	10
2442,	898,	274,	158,	10
2454,	902,	274,	159,	10
2468,	905,	274,	160,	10
2483,	907,	274,	161,	10
2497,	908,	274,	162,	10
2511,	908,	274,	163,	10
2527,	910,	274,	164,	10
2545,	915,	274,	165,	10
2567,	923,	274,	166,	10
2606,	934,	274,	167,	10
2632,	947,	274,	168,	10
2658,	964,	274,	169,	10
2680,	982,	274,	170,	10
2698,	999,	274,	171,	10
2712,	1015,	274,	172,	10
2721,	1030,	274,	173,	10
2724,	1041,	274,	174,	10
2729,	1049,	274,	175,	10
2738,	1056,	274,	176,	10
2751,	1075,	274,	177,	10
2769,	1098,	274,	178,	10
2792,	1119,	274,	179,	10
2820,	1135,	274,	180,	10
2849,	1147,	274,	181,	10
2875,	1156,	274,	182,	10
2894,	1166,	274,	183,	10
2907,	1177,	274,	184,	10
2926,	1188,	274,	185,	10
2950,	1197,	274,	186,	10
2971,	1204,	274,	187,	10
2989,	1209,	274,	188,	10
3003,	1210,	274,	189,	10
3014,	1210,	274,	190,	10
3021,	1214,	274,	191,	10
3025,	1218,	274,	192,	10
3027,	1224,	274,	193,	10
3027,	1232,	274,	194,	10
3031,	1240,	274,	195,	10
3037,	1250,	274,	196,	10
3044,	1260,	274,	197,	10
3053,	1270,	274,	198,	10
3061,	1281,	274,	199,	10
3068,	1292,	274,	200,	10
3075,	1303,	274,	201,	10
3080,	1312,	274,	202,	10
3084,	1321,	274,	203,	10
3086,	1330,	274,	204,	10
3086,	1337,	274,	205,	10
3085,	1343,	274,	206,	10
3081,	1349,	274,	207,	10
3076,	1354,	274,	208,	10
3069,	1358,	274,	209,	10
3060,	1361,	274,	210,	10
3051,	1364,	274,	211,	10
3042,	1366,	274,	212,	10
3033,	1368,	274,	213,	10
3027,	1369,	274,	214,	10
3027,	1370,	274,	215,	10
3025,	1371,	274,	216,	10
3020,	1372,	274,	217,	10
3011,	1372,	274,	218,	10
2997,	1373,	274,	219,	10
2979,	1373,	274,	220,	10
2957,	1373,	274,	221,	10
2932,	1373,	274,	222,	10
2909,	1374,	274,	223,	10
2895,	1374,	274,	224,	10
2875,	1374,	274,	225,	10
2848,	1374,	274,	226,	10
2819,	1374,	274,	227,	10
2791,	1375,	274,	228,	10
2769,	1375,	274,	229,	10
2752,	1375,	274,	230,	10
2739,	1376,	274,	231,	10
2731,	1377,	274,	232,	10
2724,	1379,	274,	233,	10
2724,	1380,	274,	234,	10
2720,	1383,	274,	235,	10
2713,	1386,	274,	236,	10
2705,	1390,	274,	237,	10
2695,	1395,	274,	238,	10
2685,	1401,	274,	239,	10
2675,	1407,	274,	240,	10
2665,	1415,	274,	241,	10
2656,	1424,	274,	242,	10
2649,	1433,	274,	243,	10
2643,	1442,	274,	244,	10
2639,	1451,	274,	245,	10
2637,	1460,	274,	246,	10
2636,	1468,	274,	247,	10
2636,	1476,	274,	248,	10
2638,	1483,	274,	249,	10
2640,	1489,	274,	250,	10
2644,	1495,	274,	251,	10
2649,	1500,	274,	252,	10
2654,	1504,	274,	253,	10
2660,	1508,	274,	254,	10
2666,	1510,	274,	255,	10
2673,	1512,	274,	256,	10
2679,	1513,	274,	257,	10
2685,	1513,	274,	258,	10
2691,	1516,	274,	259,	10
2696,	1519,	274,	260,	10
2701,	1523,	274,	261,	10
2706,	1526,	274,	262,	10
2710,	1530,	274,	263,	10
2713,	1533,	274,	264,	10
2716,	1535,	274,	265,	10
2718,	1537,	274,	266,	10
2720,	1538,	274,	267,	10
2721,	1538,	274,	268,	10
2722,	1537,	274,	269,	10
2723,	1535,	274,	270,	10
2723,	1532,	274,	271,	10
2723,	1528,	274,	272,	10
2723,	1524,	274,	273,	10
2723,	1520,	274,	274,	10
2723,	1516,	274,	275,	10
2723,	1513,	274,	276,	10
2722,	1512,	274,	277,	10
2721,	1510,	274,	278,	10
2720,	1506,	274,	279,	10
2719,	1501,	274,	280,	10
2717,	1493,	274,	281,	10
2715,	1484,	274,	282,	10
2712,	1472,	274,	283,	10
2709,	1458,	274,	284,	10
2705,	1441,	274,	285,	10
2701,	1421,	274,	286,	10
2697,	1399,	274,	287,	10
2693,	1381,	274,	288,	10
2688,	1371,	274,	289,	10
2684,	1361,	274,	290,	10
2679,	1348,	274,	291,	10
2674,	1332,	274,	292,	10
2670,	1315,	274,	293,	10
2665,	1297,	274,	294,	10
2661,	1280,	274,	295,	10
2658,	1264,	274,	296,	10
2655,	1251,	274,	297,	10
2653,	1240,	274,	298,	10
2652,	1231,	274,	299,	10
2652,	1224,	274,	300,	10
2653,	1219,	274,	301,	10
2655,	1216,	274,	302,	10
2658,	1213,	274,	303,	10
2662,	1212,	274,	304,	10
2666,	1210,	274,	305,	10
2672,	1210,	274,	306,	10
2677,	1210,	274,	307,	10
2683,	1210,	274,	308,	10
2689,	1210,	274,	309,	10
2695,	1210,	274,	310,	10
2701,	1210,	274,	311,	10
2706,	1210,	274,	312,	10
2711,	1210,	274,	313,	10
2716,	1210,	274,	314,	10
2720,	1210,	274,	315,	10
2722,	1210,	274,	316,	10
2724,	1210,	274,	317,	10
2724,	1210,	274,	318,	10
2724,	1210,	274,	319,	10
2729,	1210,	274,	320,	10
2733,	1212,	274,	321,	10
2738,	1212,	274,	322,	10
2744,	1213,	274,	323,	10
2751,	1215,	274,	324,	10
2758,	1216,	274,	325,	10
2767,	1218,	274,	326,	10
2776,	1220,	274,	327,	10
2786,	1222,	274,	328,	10
2797,	1224,	274,	329,	10
2808,	1227,	274,	330,	10
2818,	1230,	274,	331,	10
2828,	1232,	274,	332,	10
2838,	1235,	274,	333,	10
2847,	1238,	274,	334,	10
2855,	1240,	274,	335,	10
2862,	1243,	274,	336,	10
2869,	1246,	274,	337,	10
2875,	1250,	274,	338,	10
2881,	1253,	274,	339,	10
2886,	1257,	274,	340,	10
2890,	1261,	274,	341,	10
2894,	1266,	274,	342,	10
2898,	1271,	274,	343,	10
2901,	1276,	274,	344,	10
2904,	1283,	274,	345,	10
2909,	1290,	274,	346,	10
2914,	1297,	274,	347,	10
2921,	1306,	274,	348,	10
2929,	1315,	274,	349,	10
2937,	1324,	274,	350,	10
2947,	1334,	274,	351,	10
2957,	1344,	274,	352,	10
2967,	1353,	274,	353,	10
2977,	1362,	274,	354,	10
2987,	1370,	274,	355,	10
2997,	1376,	274,	356,	10
3006,	1389,	274,	357,	10
3014,	1408,	274,	358,	10
3020,	1430,	274,	359,	10
3025,	1450,	274,	360,	10
3042,	1240,	274,	1,	15
3040,	1258,	274,	2,	15
3038,	1281,	274,	3,	15
3036,	1308,	274,	4,	15
3034,	1335,	274,	5,	15
3032,	1359,	274,	6,	15
3030,	1374,	274,	7,	15
3028,	1401,	274,	8,	15
3027,	1438,	274,	9,	15
3027,	1468,	274,	10,	15
3027,	1491,	274,	11,	15
3026,	1506,	274,	12,	15
3026,	1513,	274,	13,	15
3024,	1524,	274,	14,	15
3022,	1551,	274,	15,	15
3019,	1590,	274,	16,	15
3015,	1636,	274,	17,	15
3010,	1676,	274,	18,	15
3005,	1701,	274,	19,	15
2999,	1739,	274,	20,	15
2992,	1769,	274,	21,	15
2984,	1793,	274,	22,	15
2976,	1809,	274,	23,	15
2966,	1816,	274,	24,	15
2956,	1821,	274,	25,	15
2946,	1848,	274,	26,	15
2935,	1882,	274,	27,	15
2925,	1913,	274,	28,	15
2916,	1947,	274,	29,	15
2908,	1992,	274,	30,	15
2902,	2034,	274,	31,	15
2897,	2069,	274,	32,	15
2891,	2096,	274,	33,	15
2884,	2113,	274,	34,	15
2876,	2119,	274,	35,	15
2867,	2131,	274,	36,	15
2857,	2155,	274,	37,	15
2846,	2185,	274,	38,	15
2835,	2223,	274,	39,	15
2824,	2262,	274,	40,	15
2813,	2297,	274,	41,	15
2801,	2320,	274,	42,	15
2790,	2347,	274,	43,	15
2780,	2373,	274,	44,	15
2770,	2393,	274,	45,	15
2761,	2409,	274,	46,	15
2753,	2419,	274,	47,	15
2746,	2421,	274,	48,	15
2740,	2430,	274,	49,	15
2735,	2455,	274,	50,	15
2730,	2486,	274,	51,	15
2724,	2517,	274,	52,	15
2724,	2552,	274,	53,	15
2723,	2622,	274,	54,	15
2720,	2667,	274,	55,	15
2714,	2704,	274,	56,	15
2706,	2723,	274,	57,	15
2695,	2734,	274,	58,	15
2682,	2768,	274,	59,	15
2665,	2833,	274,	60,	15
2644,	2896,	274,	61,	15
2615,	2954,	274,	62,	15
2582,	3011,	274,	63,	15
2559,	3027,	274,	64,	15
2538,	3080,	274,	65,	15
2520,	3171,	274,	66,	15
2503,	3246,	274,	67,	15
2486,	3292,	274,	68,	15
2468,	3328,	274,	69,	15
2449,	3355,	274,	70,	15
2434,	3464,	274,	71,	15
2424,	3554,	274,	72,	15
2421,	3603,	274,	73,	15
2420,	3632,	274,	74,	15
2416,	3717,	274,	75,	15
2409,	3827,	274,	76,	15
2399,	3920,	274,	77,	15
2388,	3935,	274,	78,	15
2376,	3935,	274,	79,	15
2362,	3935,	274,	80,	15
2346,	3935,	274,	81,	15
2330,	3935,	274,	82,	15
2318,	3935,	274,	83,	15
2308,	3935,	274,	84,	15
2295,	3935,	274,	85,	15
2281,	3935,	274,	86,	15
2268,	3935,	274,	87,	15
2255,	3913,	274,	88,	15
2244,	3797,	274,	89,	15
2235,	3631,	274,	90,	15
2228,	3596,	274,	91,	15
2222,	3492,	274,	92,	15
2219,	3334,	274,	93,	15
2218,	3288,	274,	94,	15
2218,	3181,	274,	95,	15
2219,	3030,	274,	96,	15
2221,	2952,	274,	97,	15
2225,	2798,	274,	98,	15
2228,	2718,	274,	99,	15
2233,	2560,	274,	100,	15
2237,	2432,	274,	101,	15
2242,	2381,	274,	102,	15
2247,	2232,	274,	103,	15
2251,	2115,	274,	104,	15
2254,	1984,	274,	105,	15
2257,	1833,	274,	106,	15
2258,	1787,	274,	107,	15
2259,	1675,	274,	108,	15
2257,	1530,	274,	109,	15
2255,	1477,	274,	110,	15
2250,	1361,	274,	111,	15
2244,	1240,	274,	112,	15
2235,	1198,	274,	113,	15
2223,	1119,	274,	114,	15
2209,	1028,	274,	115,	15
2193,	935,	274,	116,	15
2176,	907,	274,	117,	15
2158,	885,	274,	118,	15
2141,	841,	274,	119,	15
2126,	787,	274,	120,	15
2119,	738,	274,	121,	15
2113,	684,	274,	122,	15
2095,	649,	274,	123,	15
2067,	629,	274,	124,	15
2028,	617,	274,	125,	15
1967,	611,	274,	126,	15
1933,	605,	274,	127,	15
1896,	605,	274,	128,	15
1857,	609,	274,	129,	15
1823,	613,	274,	130,	15
1816,	621,	274,	131,	15
1805,	632,	274,	132,	15
1780,	648,	274,	133,	15
1744,	671,	274,	134,	15
1698,	704,	274,	135,	15
1663,	741,	274,	136,	15
1605,	774,	274,	137,	15
1552,	798,	274,	138,	15
1519,	833,	274,	139,	15
1509,	860,	274,	140,	15
1490,	882,	274,	141,	15
1456,	897,	274,	142,	15
1406,	906,	274,	143,	15
1370,	908,	274,	144,	15
1338,	915,	274,	145,	15
1295,	934,	274,	146,	15
1253,	960,	274,	147,	15
1225,	987,	274,	148,	15
1212,	1009,	274,	149,	15
1209,	1025,	274,	150,	15
1195,	1034,	274,	151,	15
1176,	1039,	274,	152,	15
1157,	1040,	274,	153,	15
1143,	1038,	274,	154,	15
1122,	1033,	274,	155,	15
1097,	1024,	274,	156,	15
1070,	1010,	274,	157,	15
1054,	990,	274,	158,	15
1048,	965,	274,	159,	15
1042,	940,	274,	160,	15
1033,	919,	274,	161,	15
1025,	908,	274,	162,	15
1017,	907,	274,	163,	15
1009,	901,	274,	164,	15
1002,	888,	274,	165,	15
995,	867,	274,	166,	15
990,	839,	274,	167,	15
985,	801,	274,	168,	15
982,	772,	274,	169,	15
979,	729,	274,	170,	15
977,	679,	274,	171,	15
976,	642,	274,	172,	15
975,	617,	274,	173,	15
975,	604,	274,	174,	15
975,	596,	274,	175,	15
976,	579,	274,	176,	15
977,	551,	274,	177,	15
979,	501,	274,	178,	15
980,	479,	274,	179,	15
982,	464,	274,	180,	15
983,	446,	274,	181,	15
985,	439,	274,	182,	15
986,	428,	274,	183,	15
988,	413,	274,	184,	15
989,	396,	274,	185,	15
991,	378,	274,	186,	15
992,	362,	274,	187,	15
994,	349,	274,	188,	15
996,	338,	274,	189,	15
999,	330,	274,	190,	15
1001,	324,	274,	191,	15
1004,	320,	274,	192,	15
1007,	317,	274,	193,	15
1010,	315,	274,	194,	15
1014,	314,	274,	195,	15
1018,	314,	274,	196,	15
1022,	315,	274,	197,	15
1027,	317,	274,	198,	15
1031,	320,	274,	199,	15
1036,	324,	274,	200,	15
1040,	330,	274,	201,	15
1045,	337,	274,	202,	15
1049,	345,	274,	203,	15
1052,	355,	274,	204,	15
1057,	367,	274,	205,	15
1068,	380,	274,	206,	15
1085,	393,	274,	207,	15
1102,	406,	274,	208,	15
1119,	418,	274,	209,	15
1134,	428,	274,	210,	15
1146,	436,	274,	211,	15
1156,	443,	274,	212,	15
1168,	447,	274,	213,	15
1181,	455,	274,	214,	15
1195,	476,	274,	215,	15
1205,	477,	274,	216,	15
1210,	492,	274,	217,	15
1212,	513,	274,	218,	15
1221,	544,	274,	219,	15
1236,	566,	274,	220,	15
1259,	580,	274,	221,	15
1289,	591,	274,	222,	15
1321,	599,	274,	223,	15
1350,	604,	274,	224,	15
1371,	605,	274,	225,	15
1395,	620,	274,	226,	15
1435,	635,	274,	227,	15
1468,	656,	274,	228,	15
1492,	682,	274,	229,	15
1508,	714,	274,	230,	15
1513,	746,	274,	231,	15
1532,	774,	274,	232,	15
1566,	792,	274,	233,	15
1615,	818,	274,	234,	15
1664,	843,	274,	235,	15
1696,	863,	274,	236,	15
1738,	880,	274,	237,	15
1774,	893,	274,	238,	15
1800,	903,	274,	239,	15
1814,	907,	274,	240,	15
1819,	908,	274,	241,	15
1855,	917,	274,	242,	15
1901,	938,	274,	243,	15
1949,	967,	274,	244,	15
2016,	1000,	274,	245,	15
2074,	1028,	274,	246,	15
2111,	1047,	274,	247,	15
2125,	1064,	274,	248,	15
2168,	1106,	274,	249,	15
2237,	1138,	274,	250,	15
2304,	1157,	274,	251,	15
2351,	1178,	274,	252,	15
2393,	1197,	274,	253,	15
2417,	1209,	274,	254,	15
2423,	1212,	274,	255,	15
2457,	1220,	274,	256,	15
2503,	1238,	274,	257,	15
2551,	1261,	274,	258,	15
2631,	1290,	274,	259,	15
2688,	1319,	274,	260,	15
2719,	1344,	274,	261,	15
2729,	1363,	274,	262,	15
2755,	1375,	274,	263,	15
2804,	1395,	274,	264,	15
2866,	1422,	274,	265,	15
2904,	1446,	274,	266,	15
2951,	1464,	274,	267,	15
2994,	1479,	274,	268,	15
3020,	1490,	274,	269,	15
3027,	1498,	274,	270,	15
3039,	1504,	274,	271,	15
3071,	1509,	274,	272,	15
3111,	1511,	274,	273,	15
3150,	1513,	274,	274,	15
3184,	1513,	274,	275,	15
3212,	1515,	274,	276,	15
3234,	1518,	274,	277,	15
3251,	1521,	274,	278,	15
3263,	1523,	274,	279,	15
3272,	1525,	274,	280,	15
3278,	1527,	274,	281,	15
3288,	1528,	274,	282,	15
3296,	1528,	274,	283,	15
3302,	1528,	274,	284,	15
3306,	1528,	274,	285,	15
3310,	1526,	274,	286,	15
3312,	1525,	274,	287,	15
3313,	1523,	274,	288,	15
3314,	1521,	274,	289,	15
3313,	1518,	274,	290,	15
3313,	1516,	274,	291,	15
3311,	1513,	274,	292,	15
3309,	1513,	274,	293,	15
3305,	1513,	274,	294,	15
3302,	1512,	274,	295,	15
3297,	1510,	274,	296,	15
3292,	1508,	274,	297,	15
3285,	1505,	274,	298,	15
3279,	1501,	274,	299,	15
3276,	1497,	274,	300,	15
3272,	1491,	274,	301,	15
3267,	1485,	274,	302,	15
3261,	1478,	274,	303,	15
3255,	1470,	274,	304,	15
3248,	1460,	274,	305,	15
3240,	1450,	274,	306,	15
3231,	1438,	274,	307,	15
3222,	1425,	274,	308,	15
3212,	1410,	274,	309,	15
3201,	1396,	274,	310,	15
3191,	1384,	274,	311,	15
3179,	1375,	274,	312,	15
3168,	1370,	274,	313,	15
3156,	1363,	274,	314,	15
3144,	1355,	274,	315,	15
3131,	1345,	274,	316,	15
3119,	1334,	274,	317,	15
3108,	1322,	274,	318,	15
3097,	1309,	274,	319,	15
3087,	1296,	274,	320,	15
3078,	1283,	274,	321,	15
3069,	1271,	274,	322,	15
3062,	1260,	274,	323,	15
3055,	1250,	274,	324,	15
3049,	1241,	274,	325,	15
3045,	1233,	274,	326,	15
3041,	1226,	274,	327,	15
3037,	1221,	274,	328,	15
3035,	1217,	274,	329,	15
3033,	1214,	274,	330,	15
3032,	1212,	274,	331,	15
3030,	1210,	274,	332,	15
3030,	1210,	274,	333,	15
3029,	1210,	274,	334,	15
3029,	1208,	274,	335,	15
3029,	1206,	274,	336,	15
3029,	1203,	274,	337,	15
3029,	1200,	274,	338,	15
3029,	1197,	274,	339,	15
3030,	1194,	274,	340,	15
3030,	1191,	274,	341,	15
3031,	1189,	274,	342,	15
3032,	1187,	274,	343,	15
3033,	1185,	274,	344,	15
3034,	1185,	274,	345,	15
3035,	1185,	274,	346,	15
3036,	1185,	274,	347,	15
3037,	1186,	274,	348,	15
3039,	1188,	274,	349,	15
3040,	1191,	274,	350,	15
3041,	1194,	274,	351,	15
3042,	1198,	274,	352,	15
3043,	1202,	274,	353,	15
3044,	1205,	274,	354,	15
3045,	1209,	274,	355,	15
3045,	1210,	274,	356,	15
3045,	1210,	274,	357,	15
3045,	1213,	274,	358,	15
3045,	1218,	274,	359,	15
3044,	1227,	274,	360,	15
1816,	1189,	274,	1,	20
1816,	1200,	274,	2,	20
1817,	1208,	274,	3,	20
1818,	1210,	274,	4,	20
1820,	1210,	274,	5,	20
1821,	1214,	274,	6,	20
1822,	1218,	274,	7,	20
1822,	1223,	274,	8,	20
1822,	1230,	274,	9,	20
1822,	1236,	274,	10,	20
1821,	1243,	274,	11,	20
1821,	1250,	274,	12,	20
1820,	1257,	274,	13,	20
1819,	1264,	274,	14,	20
1818,	1271,	274,	15,	20
1817,	1279,	274,	16,	20
1817,	1286,	274,	17,	20
1816,	1293,	274,	18,	20
1816,	1300,	274,	19,	20
1816,	1308,	274,	20,	20
1816,	1315,	274,	21,	20
1816,	1323,	274,	22,	20
1816,	1331,	274,	23,	20
1816,	1339,	274,	24,	20
1816,	1347,	274,	25,	20
1816,	1355,	274,	26,	20
1816,	1363,	274,	27,	20
1817,	1370,	274,	28,	20
1819,	1375,	274,	29,	20
1822,	1386,	274,	30,	20
1826,	1404,	274,	31,	20
1833,	1425,	274,	32,	20
1843,	1445,	274,	33,	20
1854,	1464,	274,	34,	20
1868,	1480,	274,	35,	20
1882,	1493,	274,	36,	20
1897,	1504,	274,	37,	20
1912,	1511,	274,	38,	20
1929,	1513,	274,	39,	20
1948,	1523,	274,	40,	20
1982,	1541,	274,	41,	20
2002,	1565,	274,	42,	20
2028,	1596,	274,	43,	20
2053,	1630,	274,	44,	20
2075,	1662,	274,	45,	20
2094,	1687,	274,	46,	20
2108,	1706,	274,	47,	20
2117,	1733,	274,	48,	20
2119,	1757,	274,	49,	20
2129,	1777,	274,	50,	20
2146,	1793,	274,	51,	20
2167,	1805,	274,	52,	20
2192,	1813,	274,	53,	20
2219,	1816,	274,	54,	20
2248,	1817,	274,	55,	20
2275,	1829,	274,	56,	20
2297,	1847,	274,	57,	20
2313,	1868,	274,	58,	20
2324,	1886,	274,	59,	20
2342,	1903,	274,	60,	20
2357,	1919,	274,	61,	20
2368,	1934,	274,	62,	20
2377,	1949,	274,	63,	20
2385,	1964,	274,	64,	20
2392,	1967,	274,	65,	20
2397,	1997,	274,	66,	20
2402,	2009,	274,	67,	20
2406,	2019,	274,	68,	20
2409,	2028,	274,	69,	20
2412,	2035,	274,	70,	20
2414,	2041,	274,	71,	20
2416,	2046,	274,	72,	20
2417,	2050,	274,	73,	20
2419,	2053,	274,	74,	20
2420,	2055,	274,	75,	20
2420,	2057,	274,	76,	20
2421,	2057,	274,	77,	20
2421,	2058,	274,	78,	20
2421,	2057,	274,	79,	20
2422,	2057,	274,	80,	20
2423,	2056,	274,	81,	20
2426,	2055,	274,	82,	20
2432,	2053,	274,	83,	20
2439,	2052,	274,	84,	20
2448,	2050,	274,	85,	20
2460,	2049,	274,	86,	20
2473,	2047,	274,	87,	20
2488,	2046,	274,	88,	20
2502,	2045,	274,	89,	20
2519,	2044,	274,	90,	20
2538,	2043,	274,	91,	20
2563,	2043,	274,	92,	20
2619,	2044,	274,	93,	20
2644,	2044,	274,	94,	20
2676,	2045,	274,	95,	20
2701,	2046,	274,	96,	20
2718,	2046,	274,	97,	20
2724,	2047,	274,	98,	20
2735,	2047,	274,	99,	20
2756,	2047,	274,	100,	20
2791,	2047,	274,	101,	20
2839,	2046,	274,	102,	20
2884,	2044,	274,	103,	20
2912,	2042,	274,	104,	20
2957,	2039,	274,	105,	20
2996,	2034,	274,	106,	20
3020,	2029,	274,	107,	20
3027,	2022,	274,	108,	20
3042,	2014,	274,	109,	20
3082,	2004,	274,	110,	20
3133,	1992,	274,	111,	20
3182,	1990,	274,	112,	20
3223,	1959,	274,	113,	20
3254,	1944,	274,	114,	20
3275,	1929,	274,	115,	20
3298,	1913,	274,	116,	20
3318,	1897,	274,	117,	20
3328,	1879,	274,	118,	20
3330,	1857,	274,	119,	20
3338,	1835,	274,	120,	20
3361,	1819,	274,	121,	20
3392,	1816,	274,	122,	20
3422,	1812,	274,	123,	20
3449,	1801,	274,	124,	20
3471,	1782,	274,	125,	20
3489,	1756,	274,	126,	20
3503,	1724,	274,	127,	20
3514,	1691,	274,	128,	20
3522,	1658,	274,	129,	20
3528,	1609,	274,	130,	20
3532,	1562,	274,	131,	20
3535,	1528,	274,	132,	20
3536,	1513,	274,	133,	20
3535,	1503,	274,	134,	20
3534,	1481,	274,	135,	20
3532,	1445,	274,	136,	20
3529,	1397,	274,	137,	20
3526,	1367,	274,	138,	20
3522,	1336,	274,	139,	20
3517,	1294,	274,	140,	20
3513,	1254,	274,	141,	20
3509,	1226,	274,	142,	20
3505,	1212,	274,	143,	20
3501,	1208,	274,	144,	20
3499,	1193,	274,	145,	20
3497,	1171,	274,	146,	20
3496,	1152,	274,	147,	20
3497,	1133,	274,	148,	20
3500,	1104,	274,	149,	20
3504,	1070,	274,	150,	20
3510,	1052,	274,	151,	20
3518,	1045,	274,	152,	20
3527,	1034,	274,	153,	20
3538,	1023,	274,	154,	20
3550,	1011,	274,	155,	20
3562,	1000,	274,	156,	20
3573,	990,	274,	157,	20
3584,	982,	274,	158,	20
3594,	975,	274,	159,	20
3602,	970,	274,	160,	20
3616,	966,	274,	161,	20
3626,	964,	274,	162,	20
3632,	963,	274,	163,	20
3632,	963,	274,	164,	20
3642,	964,	274,	165,	20
3687,	965,	274,	166,	20
3745,	968,	274,	167,	20
3793,	971,	274,	168,	20
3823,	975,	274,	169,	20
3871,	979,	274,	170,	20
3912,	984,	274,	171,	20
3933,	989,	274,	172,	20
3935,	993,	274,	173,	20
3935,	998,	274,	174,	20
3935,	1003,	274,	175,	20
3935,	1007,	274,	176,	20
3935,	1011,	274,	177,	20
3935,	1014,	274,	178,	20
3935,	1017,	274,	179,	20
300,	1019,	274,	180,	20
302,	1021,	274,	181,	20
302,	1021,	274,	182,	20
302,	1021,	274,	183,	20
303,	1021,	274,	184,	20
305,	1019,	274,	185,	20
308,	1017,	274,	186,	20
310,	1014,	274,	187,	20
313,	1010,	274,	188,	20
315,	1004,	274,	189,	20
317,	998,	274,	190,	20
318,	990,	274,	191,	20
318,	981,	274,	192,	20
317,	970,	274,	193,	20
316,	959,	274,	194,	20
313,	947,	274,	195,	20
310,	936,	274,	196,	20
306,	926,	274,	197,	20
303,	917,	274,	198,	20
302,	910,	274,	199,	20
302,	908,	274,	200,	20
299,	908,	274,	201,	20
299,	906,	274,	202,	20
299,	901,	274,	203,	20
299,	894,	274,	204,	20
3919,	883,	274,	205,	20
3815,	869,	274,	206,	20
3676,	851,	274,	207,	20
3629,	829,	274,	208,	20
3585,	800,	274,	209,	20
3504,	779,	274,	210,	20
3376,	749,	274,	211,	20
3329,	710,	274,	212,	20
3278,	670,	274,	213,	20
3209,	639,	274,	214,	20
3087,	617,	274,	215,	20
3026,	605,	274,	216,	20
2960,	597,	274,	217,	20
2863,	580,	274,	218,	20
2749,	550,	274,	219,	20
2716,	495,	274,	220,	20
2621,	484,	274,	221,	20
2503,	448,	274,	222,	20
2425,	437,	274,	223,	20
2402,	414,	274,	224,	20
2323,	377,	274,	225,	20
2215,	339,	274,	226,	20
2123,	311,	274,	227,	20
2082,	302,	274,	228,	20
1989,	297,	274,	229,	20
1885,	284,	274,	230,	20
1817,	3934,	274,	231,	20
1802,	3829,	274,	232,	20
1749,	3691,	274,	233,	20
1683,	3632,	274,	234,	20
1600,	3599,	274,	235,	20
1531,	3557,	274,	236,	20
1510,	3491,	274,	237,	20
1481,	3412,	274,	238,	20
1429,	3347,	274,	239,	20
1374,	3330,	274,	240,	20
1343,	3324,	274,	241,	20
1298,	3305,	274,	242,	20
1259,	3279,	274,	243,	20
1232,	3266,	274,	244,	20
1217,	3248,	274,	245,	20
1211,	3229,	274,	246,	20
1210,	3208,	274,	247,	20
1207,	3189,	274,	248,	20
1203,	3170,	274,	249,	20
1198,	3154,	274,	250,	20
1195,	3140,	274,	251,	20
1194,	3127,	274,	252,	20
1194,	3118,	274,	253,	20
1196,	3110,	274,	254,	20
1199,	3105,	274,	255,	20
1202,	3101,	274,	256,	20
1206,	3099,	274,	257,	20
1209,	3098,	274,	258,	20
1210,	3098,	274,	259,	20
1210,	3099,	274,	260,	20
1214,	3101,	274,	261,	20
1219,	3104,	274,	262,	20
1227,	3107,	274,	263,	20
1238,	3110,	274,	264,	20
1251,	3113,	274,	265,	20
1267,	3116,	274,	266,	20
1284,	3118,	274,	267,	20
1302,	3121,	274,	268,	20
1318,	3122,	274,	269,	20
1333,	3122,	274,	270,	20
1345,	3121,	274,	271,	20
1354,	3119,	274,	272,	20
1362,	3116,	274,	273,	20
1367,	3111,	274,	274,	20
1371,	3106,	274,	275,	20
1374,	3100,	274,	276,	20
1377,	3093,	274,	277,	20
1380,	3087,	274,	278,	20
1383,	3080,	274,	279,	20
1385,	3074,	274,	280,	20
1387,	3067,	274,	281,	20
1387,	3061,	274,	282,	20
1387,	3056,	274,	283,	20
1387,	3052,	274,	284,	20
1385,	3048,	274,	285,	20
1383,	3045,	274,	286,	20
1381,	3042,	274,	287,	20
1379,	3040,	274,	288,	20
1376,	3039,	274,	289,	20
1374,	3039,	274,	290,	20
1373,	3040,	274,	291,	20
1371,	3041,	274,	292,	20
1369,	3044,	274,	293,	20
1366,	3048,	274,	294,	20
1363,	3054,	274,	295,	20
1360,	3062,	274,	296,	20
1356,	3073,	274,	297,	20
1353,	3088,	274,	298,	20
1349,	3106,	274,	299,	20
1345,	3127,	274,	300,	20
1341,	3152,	274,	301,	20
1338,	3179,	274,	302,	20
1334,	3206,	274,	303,	20
1331,	3232,	274,	304,	20
1328,	3255,	274,	305,	20
1326,	3273,	274,	306,	20
1323,	3295,	274,	307,	20
1322,	3317,	274,	308,	20
1320,	3329,	274,	309,	20
1320,	3333,	274,	310,	20
1320,	3374,	274,	311,	20
1320,	3444,	274,	312,	20
1321,	3513,	274,	313,	20
1322,	3567,	274,	314,	20
1325,	3601,	274,	315,	20
1327,	3631,	274,	316,	20
1331,	3665,	274,	317,	20
1335,	3801,	274,	318,	20
1339,	3906,	274,	319,	20
1344,	3935,	274,	320,	20
1349,	289,	274,	321,	20
1355,	299,	274,	322,	20
1361,	302,	274,	323,	20
1366,	310,	274,	324,	20
1371,	333,	274,	325,	20
1375,	366,	274,	326,	20
1383,	401,	274,	327,	20
1395,	427,	274,	328,	20
1411,	443,	274,	329,	20
1428,	455,	274,	330,	20
1444,	479,	274,	331,	20
1459,	503,	274,	332,	20
1473,	554,	274,	333,	20
1485,	581,	274,	334,	20
1496,	597,	274,	335,	20
1504,	605,	274,	336,	20
1510,	617,	274,	337,	20
1513,	640,	274,	338,	20
1517,	674,	274,	339,	20
1528,	718,	274,	340,	20
1543,	761,	274,	341,	20
1563,	789,	274,	342,	20
1587,	823,	274,	343,	20
1614,	853,	274,	344,	20
1641,	876,	274,	345,	20
1664,	893,	274,	346,	20
1683,	904,	274,	347,	20
1696,	908,	274,	348,	20
1716,	911,	274,	349,	20
1735,	928,	274,	350,	20
1752,	956,	274,	351,	20
1767,	990,	274,	352,	20
1779,	1020,	274,	353,	20
1790,	1042,	274,	354,	20
1799,	1054,	274,	355,	20
1805,	1088,	274,	356,	20
1810,	1122,	274,	357,	20
1813,	1144,	274,	358,	20
1815,	1158,	274,	359,	20
1816,	1174,	274,	360,	20
2914,	2975,	274,	1,	25
2881,	3015,	274,	2,	25
2832,	3027,	274,	3,	25
2783,	3032,	274,	4,	25
2750,	3047,	274,	5,	25
2732,	3060,	274,	6,	25
2724,	3064,	274,	7,	25
2717,	3059,	274,	8,	25
2701,	3048,	274,	9,	25
2678,	3034,	274,	10,	25
2648,	3027,	274,	11,	25
2619,	3023,	274,	12,	25
2571,	3004,	274,	13,	25
2545,	2965,	274,	14,	25
2524,	2912,	274,	15,	25
2507,	2872,	274,	16,	25
2490,	2803,	274,	17,	25
2473,	2749,	274,	18,	25
2456,	2724,	274,	19,	25
2441,	2707,	274,	20,	25
2430,	2653,	274,	21,	25
2423,	2562,	274,	22,	25
2421,	2505,	274,	23,	25
2421,	2453,	274,	24,	25
2418,	2422,	274,	25,	25
2413,	2412,	274,	26,	25
2406,	2380,	274,	27,	25
2398,	2331,	274,	28,	25
2389,	2282,	274,	29,	25
2377,	2213,	274,	30,	25
2365,	2157,	274,	31,	25
2349,	2124,	274,	32,	25
2332,	2115,	274,	33,	25
2318,	2094,	274,	34,	25
2304,	2062,	274,	35,	25
2286,	2026,	274,	36,	25
2264,	1989,	274,	37,	25
2241,	1953,	274,	38,	25
2216,	1929,	274,	39,	25
2194,	1910,	274,	40,	25
2174,	1894,	274,	41,	25
2156,	1881,	274,	42,	25
2142,	1869,	274,	43,	25
2130,	1859,	274,	44,	25
2122,	1852,	274,	45,	25
2119,	1848,	274,	46,	25
2117,	1846,	274,	47,	25
2112,	1846,	274,	48,	25
2106,	1849,	274,	49,	25
2097,	1854,	274,	50,	25
2088,	1862,	274,	51,	25
2078,	1871,	274,	52,	25
2068,	1883,	274,	53,	25
2057,	1896,	274,	54,	25
2047,	1911,	274,	55,	25
2038,	1929,	274,	56,	25
2029,	1952,	274,	57,	25
2021,	1979,	274,	58,	25
2015,	2019,	274,	59,	25
2009,	2053,	274,	60,	25
2006,	2083,	274,	61,	25
2003,	2107,	274,	62,	25
2002,	2118,	274,	63,	25
2002,	2131,	274,	64,	25
2003,	2163,	274,	65,	25
2004,	2210,	274,	66,	25
2006,	2265,	274,	67,	25
2009,	2310,	274,	68,	25
2011,	2345,	274,	69,	25
2014,	2379,	274,	70,	25
2016,	2403,	274,	71,	25
2017,	2418,	274,	72,	25
2018,	2422,	274,	73,	25
2018,	2433,	274,	74,	25
2017,	2460,	274,	75,	25
2014,	2488,	274,	76,	25
2010,	2512,	274,	77,	25
2004,	2534,	274,	78,	25
1996,	2557,	274,	79,	25
1983,	2579,	274,	80,	25
1976,	2625,	274,	81,	25
1956,	2624,	274,	82,	25
1941,	2631,	274,	83,	25
1926,	2630,	274,	84,	25
1909,	2616,	274,	85,	25
1891,	2604,	274,	86,	25
1869,	2568,	274,	87,	25
1844,	2540,	274,	88,	25
1822,	2511,	274,	89,	25
1816,	2479,	274,	90,	25
1812,	2439,	274,	91,	25
1796,	2421,	274,	92,	25
1770,	2406,	274,	93,	25
1733,	2361,	274,	94,	25
1691,	2295,	274,	95,	25
1645,	2193,	274,	96,	25
1580,	2119,	274,	97,	25
1530,	2085,	274,	98,	25
1512,	1968,	274,	99,	25
1490,	1887,	274,	100,	25
1444,	1816,	274,	101,	25
1378,	1793,	274,	102,	25
1338,	1718,	274,	103,	25
1274,	1626,	274,	104,	25
1225,	1526,	274,	105,	25
1210,	1495,	274,	106,	25
1183,	1407,	274,	107,	25
1145,	1329,	274,	108,	25
1083,	1235,	274,	109,	25
1041,	1207,	274,	110,	25
996,	1152,	274,	111,	25
942,	1062,	274,	112,	25
911,	1008,	274,	113,	25
907,	932,	274,	114,	25
897,	908,	274,	115,	25
878,	895,	274,	116,	25
851,	862,	274,	117,	25
818,	815,	274,	118,	25
787,	774,	274,	119,	25
760,	724,	274,	120,	25
725,	675,	274,	121,	25
692,	643,	274,	122,	25
665,	624,	274,	123,	25
646,	611,	274,	124,	25
632,	605,	274,	125,	25
622,	604,	274,	126,	25
614,	603,	274,	127,	25
605,	602,	274,	128,	25
605,	602,	274,	129,	25
605,	602,	274,	130,	25
604,	603,	274,	131,	25
604,	605,	274,	132,	25
603,	605,	274,	133,	25
603,	613,	274,	134,	25
603,	622,	274,	135,	25
603,	636,	274,	136,	25
604,	654,	274,	137,	25
604,	679,	274,	138,	25
604,	711,	274,	139,	25
605,	746,	274,	140,	25
605,	775,	274,	141,	25
605,	796,	274,	142,	25
605,	827,	274,	143,	25
611,	853,	274,	144,	25
614,	874,	274,	145,	25
618,	890,	274,	146,	25
621,	901,	274,	147,	25
624,	907,	274,	148,	25
628,	908,	274,	149,	25
631,	917,	274,	150,	25
634,	936,	274,	151,	25
637,	962,	274,	152,	25
639,	990,	274,	153,	25
641,	1015,	274,	154,	25
642,	1034,	274,	155,	25
644,	1047,	274,	156,	25
645,	1054,	274,	157,	25
645,	1074,	274,	158,	25
646,	1099,	274,	159,	25
647,	1119,	274,	160,	25
648,	1135,	274,	161,	25
649,	1145,	274,	162,	25
650,	1153,	274,	163,	25
651,	1160,	274,	164,	25
653,	1167,	274,	165,	25
656,	1174,	274,	166,	25
659,	1180,	274,	167,	25
662,	1186,	274,	168,	25
667,	1191,	274,	169,	25
673,	1195,	274,	170,	25
680,	1198,	274,	171,	25
689,	1201,	274,	172,	25
700,	1203,	274,	173,	25
713,	1205,	274,	174,	25
727,	1206,	274,	175,	25
742,	1207,	274,	176,	25
759,	1208,	274,	177,	25
774,	1209,	274,	178,	25
787,	1209,	274,	179,	25
801,	1210,	274,	180,	25
823,	1210,	274,	181,	25
844,	1210,	274,	182,	25
862,	1210,	274,	183,	25
879,	1210,	274,	184,	25
893,	1210,	274,	185,	25
903,	1210,	274,	186,	25
907,	1210,	274,	187,	25
909,	1210,	274,	188,	25
923,	1212,	274,	189,	25
952,	1212,	274,	190,	25
991,	1214,	274,	191,	25
1026,	1215,	274,	192,	25
1049,	1218,	274,	193,	25
1078,	1222,	274,	194,	25
1126,	1227,	274,	195,	25
1154,	1233,	274,	196,	25
1178,	1242,	274,	197,	25
1201,	1252,	274,	198,	25
1210,	1266,	274,	199,	25
1216,	1282,	274,	200,	25
1233,	1301,	274,	201,	25
1258,	1322,	274,	202,	25
1289,	1342,	274,	203,	25
1319,	1360,	274,	204,	25
1344,	1373,	274,	205,	25
1361,	1393,	274,	206,	25
1372,	1428,	274,	207,	25
1382,	1459,	274,	208,	25
1396,	1484,	274,	209,	25
1408,	1502,	274,	210,	25
1416,	1512,	274,	211,	25
1419,	1523,	274,	212,	25
1418,	1555,	274,	213,	25
1412,	1606,	274,	214,	25
1402,	1662,	274,	215,	25
1389,	1698,	274,	216,	25
1376,	1748,	274,	217,	25
1368,	1786,	274,	218,	25
1355,	1811,	274,	219,	25
1334,	1817,	274,	220,	25
1307,	1854,	274,	221,	25
1276,	1908,	274,	222,	25
1247,	1975,	274,	223,	25
1224,	2049,	274,	224,	25
1212,	2104,	274,	225,	25
1208,	2123,	274,	226,	25
1190,	2176,	274,	227,	25
1163,	2262,	274,	228,	25
1139,	2325,	274,	229,	25
1093,	2385,	274,	230,	25
1051,	2417,	274,	231,	25
1027,	2427,	274,	232,	25
986,	2479,	274,	233,	25
942,	2535,	274,	234,	25
914,	2627,	274,	235,	25
908,	2697,	274,	236,	25
901,	2724,	274,	237,	25
885,	2748,	274,	238,	25
861,	2813,	274,	239,	25
828,	2889,	274,	240,	25
790,	2945,	274,	241,	25
757,	3005,	274,	242,	25
708,	3027,	274,	243,	25
662,	3052,	274,	244,	25
631,	3120,	274,	245,	25
610,	3191,	274,	246,	25
603,	3244,	274,	247,	25
591,	3276,	274,	248,	25
572,	3310,	274,	249,	25
536,	3329,	274,	250,	25
491,	3334,	274,	251,	25
483,	3381,	274,	252,	25
448,	3446,	274,	253,	25
442,	3504,	274,	254,	25
427,	3549,	274,	255,	25
406,	3580,	274,	256,	25
378,	3599,	274,	257,	25
350,	3619,	274,	258,	25
327,	3630,	274,	259,	25
310,	3632,	274,	260,	25
303,	3637,	274,	261,	25
302,	3665,	274,	262,	25
299,	3700,	274,	263,	25
293,	3729,	274,	264,	25
286,	3749,	274,	265,	25
279,	3760,	274,	266,	25
3935,	3762,	274,	267,	25
3932,	3757,	274,	268,	25
3909,	3744,	274,	269,	25
3875,	3720,	274,	270,	25
3845,	3687,	274,	271,	25
3819,	3653,	274,	272,	25
3811,	3631,	274,	273,	25
3806,	3632,	274,	274,	25
3806,	3626,	274,	275,	25
3812,	3608,	274,	276,	25
3820,	3589,	274,	277,	25
3849,	3561,	274,	278,	25
3882,	3519,	274,	279,	25
3917,	3460,	274,	280,	25
3935,	3390,	274,	281,	25
275,	3336,	274,	282,	25
284,	3329,	274,	283,	25
293,	3307,	274,	284,	25
299,	3271,	274,	285,	25
302,	3229,	274,	286,	25
306,	3162,	274,	287,	25
324,	3080,	274,	288,	25
355,	3027,	274,	289,	25
394,	3012,	274,	290,	25
426,	2950,	274,	291,	25
445,	2885,	274,	292,	25
475,	2794,	274,	293,	25
498,	2734,	274,	294,	25
567,	2714,	274,	295,	25
597,	2646,	274,	296,	25
610,	2535,	274,	297,	25
651,	2464,	274,	298,	25
730,	2421,	274,	299,	25
796,	2392,	274,	300,	25
864,	2317,	274,	301,	25
902,	2209,	274,	302,	25
917,	2122,	274,	303,	25
1001,	2080,	274,	304,	25
1076,	1967,	274,	305,	25
1172,	1876,	274,	306,	25
1214,	1816,	274,	307,	25
1306,	1787,	274,	308,	25
1405,	1712,	274,	309,	25
1503,	1627,	274,	310,	25
1558,	1532,	274,	311,	25
1691,	1504,	274,	312,	25
1789,	1445,	274,	313,	25
1824,	1367,	274,	314,	25
1933,	1294,	274,	315,	25
2080,	1226,	274,	316,	25
2142,	1209,	274,	317,	25
2293,	1171,	274,	318,	25
2396,	1129,	274,	319,	25
2431,	1059,	274,	320,	25
2532,	1033,	274,	321,	25
2684,	992,	274,	322,	25
2733,	951,	274,	323,	25
2842,	925,	274,	324,	25
2955,	912,	274,	325,	25
3027,	908,	274,	326,	25
3100,	908,	274,	327,	25
3222,	908,	274,	328,	25
3287,	908,	274,	329,	25
3329,	908,	274,	330,	25
3370,	911,	274,	331,	25
3476,	925,	274,	332,	25
3550,	956,	274,	333,	25
3591,	1004,	274,	334,	25
3617,	1045,	274,	335,	25
3631,	1100,	274,	336,	25
3632,	1159,	274,	337,	25
3632,	1206,	274,	338,	25
3637,	1227,	274,	339,	25
3635,	1308,	274,	340,	25
3632,	1381,	274,	341,	25
3632,	1480,	274,	342,	25
3629,	1515,	274,	343,	25
3615,	1605,	274,	344,	25
3593,	1710,	274,	345,	25
3566,	1795,	274,	346,	25
3521,	1822,	274,	347,	25
3459,	1917,	274,	348,	25
3384,	2050,	274,	349,	25
3333,	2119,	274,	350,	25
3327,	2217,	274,	351,	25
3302,	2339,	274,	352,	25
3268,	2412,	274,	353,	25
3227,	2443,	274,	354,	25
3168,	2529,	274,	355,	25
3097,	2656,	274,	356,	25
3041,	2722,	274,	357,	25
3026,	2751,	274,	358,	25
3008,	2839,	274,	359,	25
2966,	2907,	274,	360,	25
3163,	796,	274,	1,	30
3142,	785,	274,	2,	30
3120,	772,	274,	3,	30
3098,	754,	274,	4,	30
3078,	734,	274,	5,	30
3059,	711,	274,	6,	30
3044,	688,	274,	7,	30
3033,	667,	274,	8,	30
3027,	649,	274,	9,	30
3027,	634,	274,	10,	30
3023,	622,	274,	11,	30
3016,	611,	274,	12,	30
3005,	605,	274,	13,	30
2990,	603,	274,	14,	30
2971,	598,	274,	15,	30
2947,	590,	274,	16,	30
2923,	580,	274,	17,	30
2904,	566,	274,	18,	30
2889,	545,	274,	19,	30
2865,	515,	274,	20,	30
2835,	491,	274,	21,	30
2804,	478,	274,	22,	30
2775,	475,	274,	23,	30
2753,	452,	274,	24,	30
2737,	446,	274,	25,	30
2724,	440,	274,	26,	30
2723,	432,	274,	27,	30
2714,	419,	274,	28,	30
2696,	404,	274,	29,	30
2669,	385,	274,	30,	30
2632,	365,	274,	31,	30
2577,	347,	274,	32,	30
2540,	330,	274,	33,	30
2510,	317,	274,	34,	30
2482,	307,	274,	35,	30
2451,	303,	274,	36,	30
2427,	302,	274,	37,	30
2421,	300,	274,	38,	30
2415,	296,	274,	39,	30
2399,	291,	274,	40,	30
2376,	285,	274,	41,	30
2343,	277,	274,	42,	30
2312,	3935,	274,	43,	30
2272,	3933,	274,	44,	30
2221,	3901,	274,	45,	30
2174,	3845,	274,	46,	30
2139,	3799,	274,	47,	30
2119,	3739,	274,	48,	30
2112,	3667,	274,	49,	30
2090,	3631,	274,	50,	30
2056,	3632,	274,	51,	30
2015,	3624,	274,	52,	30
1966,	3608,	274,	53,	30
1929,	3594,	274,	54,	30
1898,	3578,	274,	55,	30
1868,	3559,	274,	56,	30
1838,	3536,	274,	57,	30
1819,	3511,	274,	58,	30
1816,	3485,	274,	59,	30
1811,	3457,	274,	60,	30
1801,	3428,	274,	61,	30
1786,	3401,	274,	62,	30
1767,	3377,	274,	63,	30
1746,	3357,	274,	64,	30
1723,	3343,	274,	65,	30
1697,	3334,	274,	66,	30
1683,	3330,	274,	67,	30
1661,	3330,	274,	68,	30
1636,	3330,	274,	69,	30
1608,	3329,	274,	70,	30
1582,	3328,	274,	71,	30
1559,	3327,	274,	72,	30
1541,	3326,	274,	73,	30
1527,	3325,	274,	74,	30
1517,	3325,	274,	75,	30
1513,	3325,	274,	76,	30
1511,	3326,	274,	77,	30
1506,	3327,	274,	78,	30
1499,	3328,	274,	79,	30
1491,	3329,	274,	80,	30
1480,	3330,	274,	81,	30
1468,	3330,	274,	82,	30
1454,	3330,	274,	83,	30
1437,	3335,	274,	84,	30
1419,	3349,	274,	85,	30
1400,	3371,	274,	86,	30
1383,	3403,	274,	87,	30
1373,	3441,	274,	88,	30
1366,	3481,	274,	89,	30
1356,	3520,	274,	90,	30
1343,	3555,	274,	91,	30
1328,	3584,	274,	92,	30
1312,	3607,	274,	93,	30
1296,	3629,	274,	94,	30
1279,	3632,	274,	95,	30
1264,	3723,	274,	96,	30
1250,	3815,	274,	97,	30
1238,	3906,	274,	98,	30
1228,	3935,	274,	99,	30
1221,	284,	274,	100,	30
1215,	294,	274,	101,	30
1212,	301,	274,	102,	30
1210,	302,	274,	103,	30
1210,	312,	274,	104,	30
1208,	332,	274,	105,	30
1203,	360,	274,	106,	30
1197,	392,	274,	107,	30
1190,	418,	274,	108,	30
1183,	436,	274,	109,	30
1176,	446,	274,	110,	30
1170,	465,	274,	111,	30
1164,	489,	274,	112,	30
1158,	502,	274,	113,	30
1154,	549,	274,	114,	30
1150,	576,	274,	115,	30
1146,	591,	274,	116,	30
1143,	601,	274,	117,	30
1139,	605,	274,	118,	30
1136,	618,	274,	119,	30
1134,	637,	274,	120,	30
1131,	662,	274,	121,	30
1130,	693,	274,	122,	30
1129,	729,	274,	123,	30
1129,	760,	274,	124,	30
1130,	784,	274,	125,	30
1132,	803,	274,	126,	30
1134,	829,	274,	127,	30
1137,	850,	274,	128,	30
1140,	867,	274,	129,	30
1143,	882,	274,	130,	30
1146,	893,	274,	131,	30
1150,	901,	274,	132,	30
1153,	906,	274,	133,	30
1158,	908,	274,	134,	30
1163,	909,	274,	135,	30
1168,	916,	274,	136,	30
1174,	929,	274,	137,	30
1181,	947,	274,	138,	30
1187,	969,	274,	139,	30
1194,	992,	274,	140,	30
1200,	1013,	274,	141,	30
1205,	1030,	274,	142,	30
1209,	1044,	274,	143,	30
1210,	1052,	274,	144,	30
1210,	1067,	274,	145,	30
1212,	1094,	274,	146,	30
1215,	1119,	274,	147,	30
1221,	1138,	274,	148,	30
1228,	1150,	274,	149,	30
1237,	1161,	274,	150,	30
1248,	1174,	274,	151,	30
1260,	1187,	274,	152,	30
1274,	1199,	274,	153,	30
1290,	1207,	274,	154,	30
1306,	1210,	274,	155,	30
1322,	1211,	274,	156,	30
1337,	1216,	274,	157,	30
1351,	1224,	274,	158,	30
1363,	1235,	274,	159,	30
1371,	1250,	274,	160,	30
1380,	1267,	274,	161,	30
1397,	1288,	274,	162,	30
1418,	1309,	274,	163,	30
1438,	1330,	274,	164,	30
1457,	1348,	274,	165,	30
1472,	1363,	274,	166,	30
1485,	1373,	274,	167,	30
1496,	1390,	274,	168,	30
1505,	1415,	274,	169,	30
1511,	1440,	274,	170,	30
1513,	1462,	274,	171,	30
1519,	1480,	274,	172,	30
1532,	1494,	274,	173,	30
1550,	1505,	274,	174,	30
1574,	1511,	274,	175,	30
1603,	1513,	274,	176,	30
1635,	1526,	274,	177,	30
1664,	1546,	274,	178,	30
1687,	1573,	274,	179,	30
1706,	1608,	274,	180,	30
1734,	1645,	274,	181,	30
1758,	1677,	274,	182,	30
1780,	1697,	274,	183,	30
1797,	1729,	274,	184,	30
1809,	1757,	274,	185,	30
1816,	1782,	274,	186,	30
1817,	1800,	274,	187,	30
1835,	1812,	274,	188,	30
1865,	1816,	274,	189,	30
1895,	1823,	274,	190,	30
1925,	1849,	274,	191,	30
1960,	1881,	274,	192,	30
2007,	1911,	274,	193,	30
2047,	1942,	274,	194,	30
2081,	1970,	274,	195,	30
2106,	2024,	274,	196,	30
2118,	2059,	274,	197,	30
2126,	2087,	274,	198,	30
2150,	2107,	274,	199,	30
2184,	2117,	274,	200,	30
2226,	2119,	274,	201,	30
2270,	2135,	274,	202,	30
2305,	2153,	274,	203,	30
2327,	2175,	274,	204,	30
2358,	2198,	274,	205,	30
2380,	2220,	274,	206,	30
2398,	2241,	274,	207,	30
2411,	2258,	274,	208,	30
2418,	2271,	274,	209,	30
2421,	2280,	274,	210,	30
2423,	2285,	274,	211,	30
2432,	2287,	274,	212,	30
2447,	2285,	274,	213,	30
2464,	2280,	274,	214,	30
2480,	2272,	274,	215,	30
2495,	2260,	274,	216,	30
2508,	2245,	274,	217,	30
2521,	2227,	274,	218,	30
2533,	2207,	274,	219,	30
2547,	2186,	274,	220,	30
2561,	2166,	274,	221,	30
2576,	2147,	274,	222,	30
2602,	2132,	274,	223,	30
2612,	2119,	274,	224,	30
2634,	2118,	274,	225,	30
2647,	2110,	274,	226,	30
2659,	2096,	274,	227,	30
2671,	2076,	274,	228,	30
2681,	2052,	274,	229,	30
2690,	2024,	274,	230,	30
2698,	1993,	274,	231,	30
2705,	1959,	274,	232,	30
2712,	1934,	274,	233,	30
2717,	1912,	274,	234,	30
2721,	1892,	274,	235,	30
2724,	1872,	274,	236,	30
2724,	1852,	274,	237,	30
2725,	1835,	274,	238,	30
2733,	1823,	274,	239,	30
2740,	1817,	274,	240,	30
2750,	1816,	274,	241,	30
2764,	1815,	274,	242,	30
2782,	1814,	274,	243,	30
2806,	1811,	274,	244,	30
2833,	1808,	274,	245,	30
2861,	1805,	274,	246,	30
2885,	1802,	274,	247,	30
2902,	1799,	274,	248,	30
2921,	1796,	274,	249,	30
2950,	1794,	274,	250,	30
2977,	1792,	274,	251,	30
2999,	1790,	274,	252,	30
3015,	1788,	274,	253,	30
3025,	1787,	274,	254,	30
3027,	1786,	274,	255,	30
3034,	1785,	274,	256,	30
3054,	1784,	274,	257,	30
3082,	1783,	274,	258,	30
3115,	1782,	274,	259,	30
3149,	1781,	274,	260,	30
3180,	1780,	274,	261,	30
3208,	1778,	274,	262,	30
3232,	1777,	274,	263,	30
3251,	1775,	274,	264,	30
3266,	1772,	274,	265,	30
3276,	1769,	274,	266,	30
3290,	1765,	274,	267,	30
3304,	1760,	274,	268,	30
3315,	1755,	274,	269,	30
3323,	1748,	274,	270,	30
3327,	1740,	274,	271,	30
3329,	1731,	274,	272,	30
3330,	1719,	274,	273,	30
3330,	1706,	274,	274,	30
3331,	1695,	274,	275,	30
3334,	1686,	274,	276,	30
3339,	1673,	274,	277,	30
3343,	1656,	274,	278,	30
3347,	1635,	274,	279,	30
3351,	1612,	274,	280,	30
3354,	1588,	274,	281,	30
3356,	1566,	274,	282,	30
3357,	1547,	274,	283,	30
3357,	1531,	274,	284,	30
3356,	1519,	274,	285,	30
3355,	1513,	274,	286,	30
3354,	1510,	274,	287,	30
3351,	1504,	274,	288,	30
3349,	1494,	274,	289,	30
3347,	1481,	274,	290,	30
3344,	1464,	274,	291,	30
3342,	1442,	274,	292,	30
3339,	1417,	274,	293,	30
3337,	1390,	274,	294,	30
3336,	1373,	274,	295,	30
3334,	1362,	274,	296,	30
3333,	1346,	274,	297,	30
3332,	1326,	274,	298,	30
3332,	1304,	274,	299,	30
3331,	1282,	274,	300,	30
3331,	1262,	274,	301,	30
3331,	1245,	274,	302,	30
3332,	1231,	274,	303,	30
3332,	1221,	274,	304,	30
3333,	1215,	274,	305,	30
3334,	1210,	274,	306,	30
3336,	1210,	274,	307,	30
3338,	1208,	274,	308,	30
3341,	1202,	274,	309,	30
3344,	1195,	274,	310,	30
3348,	1186,	274,	311,	30
3352,	1176,	274,	312,	30
3357,	1167,	274,	313,	30
3362,	1158,	274,	314,	30
3368,	1151,	274,	315,	30
3374,	1144,	274,	316,	30
3380,	1135,	274,	317,	30
3386,	1123,	274,	318,	30
3391,	1110,	274,	319,	30
3397,	1096,	274,	320,	30
3403,	1081,	274,	321,	30
3407,	1066,	274,	322,	30
3412,	1056,	274,	323,	30
3415,	1052,	274,	324,	30
3418,	1048,	274,	325,	30
3420,	1043,	274,	326,	30
3421,	1037,	274,	327,	30
3421,	1030,	274,	328,	30
3420,	1023,	274,	329,	30
3418,	1014,	274,	330,	30
3414,	1005,	274,	331,	30
3409,	996,	274,	332,	30
3403,	986,	274,	333,	30
3396,	975,	274,	334,	30
3388,	965,	274,	335,	30
3379,	955,	274,	336,	30
3369,	946,	274,	337,	30
3360,	938,	274,	338,	30
3350,	930,	274,	339,	30
3342,	923,	274,	340,	30
3335,	918,	274,	341,	30
3331,	913,	274,	342,	30
3330,	910,	274,	343,	30
3330,	908,	274,	344,	30
3329,	908,	274,	345,	30
3327,	908,	274,	346,	30
3324,	907,	274,	347,	30
3319,	906,	274,	348,	30
3312,	903,	274,	349,	30
3303,	900,	274,	350,	30
3293,	896,	274,	351,	30
3280,	891,	274,	352,	30
3274,	886,	274,	353,	30
3267,	879,	274,	354,	30
3257,	871,	274,	355,	30
3246,	862,	274,	356,	30
3232,	852,	274,	357,	30
3217,	841,	274,	358,	30
3201,	827,	274,	359,	30
3182,	811,	274,	360,	30
